Date,Open,High,Low,Close,Volume,Date_str
2019-09-24,61.415587240068895,61.76773556719349,59.96142610732814,60.34230041503906,35804000,2019-09-24
2019-09-25,60.22739338252492,61.81280906268168,59.89010305687391,61.70978927612305,26798000,2019-09-25
2019-09-26,61.52157795529746,61.64688852899052,61.01044291937786,61.52900695800781,23166000,2019-09-26
2019-09-27,61.555746012725265,61.66272968580416,60.18726794078168,60.719703674316406,34122000,2019-09-27
2019-09-30,60.45472990890433,60.79202023441614,60.099116473506726,60.481475830078125,24470000,2019-09-30
2019-10-01,60.5483424734457,61.06195637684846,59.7093261504374,59.73161315917969,24504000,2019-10-01
2019-10-02,59.261091120470134,59.37302495619174,58.07884052130791,58.34084701538086,33030000,2019-10-02
2019-10-03,58.60928884664899,58.98867809596157,57.608810817603015,58.910919189453125,28368000,2019-10-03
2019-10-04,59.151632496809995,60.05156965533059,58.98719684740841,59.97727584838867,24282000,2019-10-04
2019-10-07,59.781141033696585,60.37102880405795,59.650385292328075,59.84305191040039,17040000,2019-10-07
2019-10-08,59.373518147663226,59.77469940166091,58.91339610924976,58.94559097290039,20086000,2019-10-08
2019-10-09,59.500317343231046,59.85345571982782,59.34132685384259,59.55331039428711,15948000,2019-10-09
2019-10-10,59.36509695767759,60.20807333110587,59.32844696105802,59.903472900390625,12842000,2019-10-10
2019-10-11,60.62461884848483,60.858394389325234,60.110014893908655,60.21253967285156,22330000,2019-10-11
2019-10-14,60.12239596057424,60.716243857337545,60.02284505325198,60.31456756591797,13296000,2019-10-14
2019-10-15,60.499307230673374,61.768725774202345,60.470581250004656,61.52653121948242,27584000,2019-10-15
2019-10-16,61.50523386760247,62.11839865013848,61.342778283098,61.56417465209961,22986000,2019-10-16
2019-10-17,61.980216852267894,62.591896619054,61.90443799931357,62.049556732177734,20958000,2019-10-17
2019-10-18,62.14316528891871,62.31255108446506,61.42252179923315,61.634010314941406,31624000,2019-10-18
2019-10-21,61.84648862350437,62.084719280696554,61.41509256120461,61.62757110595703,18094000,2019-10-21
2019-10-22,61.63747698893606,61.84797548014588,61.408160372457424,61.47502517700195,22862000,2019-10-22
2019-10-23,61.425988085022944,62.309083345163565,61.425988085022944,62.28877639770508,21282000,2019-10-23
2019-10-24,62.36207962036133,62.5497922949152,62.027264387072705,62.36207962036133,20224000,2019-10-24
2019-10-25,62.009939680674705,62.80240201602709,61.86878483060562,62.619144439697266,27104000,2019-10-25
2019-10-28,63.14908682895057,64.34966041395941,63.01585602849154,63.841495513916016,65428000,2019-10-28
2019-10-29,63.19862281110795,63.43636224265712,62.18873185476839,62.4388542175293,52654000,2019-10-29
2019-10-30,62.16594580208306,62.80338142330192,61.94306816967609,62.44083023071289,29204000,2019-10-30
2019-10-31,62.40615744517827,62.729084757218295,61.88511459185007,62.34672164916992,31904000,2019-10-31
2019-11-01,62.69343139934963,63.05003865550883,62.39180103220263,63.01288986206055,28812000,2019-11-01
2019-11-04,63.204063109706816,64.01583839185015,63.204063109706816,63.87269973754883,30632000,2019-11-04
2019-11-05,63.95144902987662,64.25060428456305,63.8613109760507,63.96333694458008,25148000,2019-11-05
2019-11-06,63.89648307224777,64.0401129795622,63.50916977995855,63.942047119140625,24626000,2019-11-06
2019-11-07,64.10400439218024,65.50913642827285,64.07775726396068,64.73104095458984,45140000,2019-11-07
2019-11-08,64.46260119291189,65.2347566009157,64.46260119291189,64.83307647705078,30392000,2019-11-08
2019-11-11,64.58543138494855,64.63001296526535,64.18276879819167,64.30213165283203,17234000,2019-11-11
2019-11-12,64.31648243880079,64.85040328530087,64.10202382905766,64.2491226196289,28852000,2019-11-12
2019-11-13,64.04951725531191,64.51211812874304,63.99850426915484,64.19810485839844,20538000,2019-11-13
2019-11-14,64.13966449078022,65.16590220608438,64.08716267984857,64.84049224853516,28948000,2019-11-14
2019-11-15,65.13271494371524,66.04850006103516,64.97619954644436,66.04850006103516,39286000,2019-11-15
2019-11-18,65.98905802582371,66.06731572154162,65.18768561821011,65.36994934082031,27984000,2019-11-18
2019-11-19,65.70625837315804,65.70625837315804,64.9702656186846,65.01087951660156,21864000,2019-11-19
2019-11-20,64.9499676279482,65.04159452900137,63.85290855415396,64.47944641113281,28892000,2019-11-20
2019-11-21,64.35016618156962,64.9380701081525,63.929169200759176,64.39424896240234,25546000,2019-11-21
2019-11-22,64.53590894982392,64.72907061146134,63.860338149110646,64.07380676269531,27776000,2019-11-22
2019-11-25,64.20208304254504,64.90291089728889,64.16988817490127,64.66665649414062,23590000,2019-11-25
2019-11-26,64.87813481854676,65.08120429211198,64.58740614051993,65.03118133544922,21910000,2019-11-26
2019-11-27,65.15104489246795,65.26099866465015,64.85634852897411,64.98809051513672,18808000,2019-11-27
2019-11-29,64.71420244296621,64.88011935887761,64.54728793969487,64.58988189697266,12802000,2019-11-29
2019-12-02,64.51409289308592,64.65674030563154,63.41554533069018,63.83555221557617,26538000,2019-12-02
2019-12-03,63.33037051121015,64.25012342989662,63.250631535810925,64.12679290771484,25270000,2019-12-03
2019-12-04,64.68943163954013,65.5893687316695,64.53836518336756,65.32537841796875,35506000,2019-12-04
2019-12-05,65.72458290394658,65.7731245967192,65.09656388982363,65.72260284423828,24408000,2019-12-05
2019-12-06,66.00937788322534,66.49079695130735,65.93409781953459,66.33824920654297,32968000,2019-12-06
2019-12-09,66.31199740277347,67.2376904568224,66.17380888078105,66.51654815673828,30842000,2019-12-09
2019-12-10,66.36548792156054,66.7646891227079,66.07128278810355,66.5115966796875,17606000,2019-12-10
2019-12-11,66.77954723475955,66.85829617502306,66.42293998953177,66.5789566040039,20480000,2019-12-11
2019-12-12,66.52745181438002,67.09058992873814,66.27931705166803,66.7889633178711,29114000,2019-12-12
2019-12-13,66.75973033441775,66.93060495127669,66.45067475804319,66.7087173461914,33170000,2019-12-13
2019-12-16,67.11138245384012,67.53386065482265,66.89395377790245,67.3936996459961,28128000,2019-12-16
2019-12-17,67.47838939287901,67.57348515426513,66.90187464587285,67.1059341430664,32948000,2019-12-17
2019-12-18,67.21044592473815,67.33079879423406,66.88653233060347,66.95834350585938,23330000,2019-12-18
2019-12-19,66.9583346732719,67.23669174106031,66.80182683995224,67.18270111083984,28922000,2019-12-19
2019-12-20,67.51256649926894,67.5571405133204,66.8998967517064,66.92416381835938,50090000,2019-12-20
2019-12-23,67.29613213369372,67.45065992674316,66.7646901418496,66.89495086669922,19936000,2019-12-23
2019-12-24,66.87413741587739,66.96329299686603,66.57498972050794,66.58786010742188,13468000,2019-12-24
2019-12-26,66.69286688442598,67.51752392838698,66.64135510441135,67.48136138916016,23662000,2019-12-26
2019-12-27,67.55715031136462,67.70821679086582,67.01233909315656,67.09356689453125,23212000,2019-12-27
2019-12-30,67.20103960824423,67.21044867126749,66.26147853741799,66.35409545898438,19994000,2019-12-30
2019-12-31,66.1599455680874,66.40115011710398,65.97867183977834,66.33824920654297,19514000,2019-12-31
2020-01-02,66.7850047466292,67.78894805908203,66.68990896520182,67.78894805908203,27278000,2020-01-02
2020-01-03,66.76469553270479,68.04005816886901,66.73101184173632,67.43431854248047,23408000,2020-01-03
2020-01-06,66.94448613621861,69.25698470236328,66.91328885370739,69.23172760009766,46768000,2020-01-06
2020-01-07,69.36297232708252,69.51354001246602,68.92216715791305,69.09799194335938,34330000,2020-01-07
2020-01-08,69.08362070220888,69.92709593901122,68.97515574809637,69.58980560302734,35314000,2020-01-08
2020-01-09,70.4263367380851,70.76065695432445,69.84586186029246,70.32035064697266,33200000,2020-01-09
2020-01-10,70.79979315832976,71.07071369356099,70.31094513609989,70.77452850341797,26258000,2020-01-10
2020-01-13,71.08606177612984,71.39462611312574,70.59672252569149,71.32281494140625,30730000,2020-01-13
2020-01-14,71.32133264146023,71.45159337277671,70.71559303390933,70.85527038574219,26076000,2020-01-14
2020-01-15,70.97562225633712,71.35996547159147,70.9082624349284,71.28170776367188,21550000,2020-01-15
2020-01-16,71.59126251264676,71.85129273667978,71.32133198944545,71.82454681396484,26080000,2020-01-16
2020-01-17,72.43770540506222,73.32971477239424,72.14102896920704,73.27870178222656,52424000,2020-01-17
2020-01-21,73.25292799750538,73.79180642156996,72.81757190953466,73.41390228271484,48930000,2020-01-21
2020-01-22,73.78439326618513,74.32177542497652,73.43422499704555,73.49414825439453,28458000,2020-01-22
2020-01-23,73.6764169178253,73.97111327468183,73.31832086517792,73.53475952148438,26650000,2020-01-23
2020-01-24,73.93742914042214,74.0057789848921,72.46939630777668,72.61749267578125,29786000,2020-01-24
2020-01-27,70.90232647120558,71.15195005848474,70.30599589966913,70.91173553466797,34132000,2020-01-27
2020-01-28,71.40750236139107,72.05434703002898,70.84386554182085,71.84137725830078,29724000,2020-01-28
2020-01-29,72.2356283657092,72.51695556905503,71.58829239250339,72.1484603881836,21566000,2020-01-29
2020-01-30,71.2272236271273,72.07663903462614,71.07368586337883,72.02711486816406,27110000,2020-01-30
2020-01-31,72.70119445661328,72.79084128159816,70.68042261440853,70.96372985839844,43822000,2020-01-31
2020-02-03,72.39362460503492,73.61451286401599,72.14400103298378,73.4312515258789,71636000,2020-02-03
2020-02-04,72.0389944559795,72.67543244592652,70.43129192072453,71.58927154541016,95880000,2020-02-04
2020-02-05,72.49070170683542,72.53874460950848,70.81019770068639,71.62097930908203,36376000,2020-02-05
2020-02-06,71.91467272011462,73.37973536974431,71.84038270151392,73.10286712646484,37822000,2020-02-06
2020-02-07,72.67794013486619,73.56252074552407,72.57987424677084,73.25841522216797,28360000,2020-02-07
2020-02-10,73.16528741089394,74.73286749079695,73.06474269563836,74.72196960449219,38302000,2020-02-10
2020-02-11,74.95029224248354,75.77296925292642,74.56297896523482,74.79130554199219,34852000,2020-02-11
2020-02-12,75.07856842840461,75.29847595966785,74.72246000606891,75.21576690673828,31042000,2020-02-12
2020-02-13,74.78834088363026,75.57832429425112,74.49116564520651,74.95624542236328,22914000,2020-02-13
2020-02-14,75.01270637201145,75.28610577397488,74.56793355013087,75.2207260131836,23198000,2020-02-14
2020-02-18,75.00328863329595,75.80664112300143,74.83835420554657,75.2558822631836,25642000,2020-02-18
2020-02-19,75.640228763457,75.81556229042059,75.33216322209424,75.52482604980469,22746000,2020-02-19
2020-02-20,75.23459028988579,75.63379148682316,74.50403894947559,75.1345443725586,25962000,2020-02-20
2020-02-21,74.51987692688125,74.83537899267327,73.2276765360672,73.47383117675781,42520000,2020-02-21
2020-02-24,70.48181106187245,71.14203248501451,69.67647847176895,70.32381439208984,49560000,2020-02-24
2020-02-25,70.8755637283308,71.16530235437199,68.37040306531343,68.6626205444336,51580000,2020-02-25
2020-02-26,69.0915328211523,70.01722567369794,68.17871791174133,68.86815643310547,49776000,2020-02-26
2020-02-27,67.31643824425866,67.82460319145274,65.09259688693432,65.12776184082031,62290000,2020-02-27
2020-02-28,63.1149186231393,66.4898019996538,62.81279324582793,66.33131408691406,80198000,2020-02-28
2020-03-02,66.93258514724356,68.71957370541868,65.63542702644739,68.6626205444336,55430000,2020-03-02
2020-03-03,69.22527312469211,69.74581720018458,65.83552438581239,66.25553131103516,56602000,2020-03-03
2020-03-04,67.30752234405442,68.48729788958772,66.21987248090595,68.4288558959961,47598000,2020-03-04
2020-03-05,66.64333311435507,67.04353186949021,64.46853243135237,65.11834716796875,54380000,2020-03-05
2020-03-06,62.898976532107014,64.52351357609537,62.26797984013897,64.17632293701172,64640000,2020-03-06
2020-03-09,59.68009963641481,62.04608569622213,59.33736038920193,60.216495513916016,69252000,2020-03-09
2020-03-10,62.12831234058165,63.19119639111918,60.153104365038516,63.15751647949219,54872000,2020-03-10
2020-03-11,61.825187488503246,62.254104668587686,58.9956105581994,59.97429656982422,54732000,2020-03-11
2020-03-12,55.60191470564654,58.877247417138825,54.901083084204004,55.05363082885742,94326000,2020-03-12
2020-03-13,58.19572822214744,60.147655250997076,55.09027657672097,60.14121627807617,79400000,2020-03-13
2020-03-16,53.96696417976584,56.733636538754325,52.85108342429565,53.14429473876953,96520000,2020-03-16
2020-03-17,54.017977635706046,55.76931006166168,51.960555968807775,55.37605285644531,83194000,2020-03-17
2020-03-18,52.497447671365784,54.7287140658497,51.361256241199044,54.04521942138672,93044000,2020-03-18
2020-03-19,53.89812915135589,57.08728409499688,52.28002713064386,55.05957794189453,74064000,2020-03-19
2020-03-20,56.01201594898581,56.3874451704502,52.60444208422028,52.90706253051758,82878000,2020-03-20
2020-03-23,52.3206338995169,52.84266682638915,49.968020624039184,52.20969009399414,83672000,2020-03-23
2020-03-24,54.678691809280416,56.13235784627542,53.80946076497001,55.96792221069336,72468000,2020-03-24
2020-03-25,55.698987349846355,56.7683103247803,53.64008037256016,54.56180953979492,90324000,2020-03-25
2020-03-26,55.21063246321199,58.02188271152003,54.08682765203497,57.59791564941406,76562000,2020-03-26
2020-03-27,55.84212777842716,57.01001544559556,54.67968905458534,54.98973846435547,62794000,2020-03-27
2020-03-30,56.098186132299865,57.00753232896718,54.406780592106486,56.77524185180664,58736000,2020-03-30
2020-03-31,56.895108398511475,58.11697916199635,56.30026667134477,57.54987716674805,65228000,2020-03-31
2020-04-01,55.67026253030741,55.93870800796117,54.15914057313883,54.5855827331543,51970000,2020-04-01
2020-04-02,54.4815750635743,55.609343878999745,54.14131461628546,55.325050354003906,56410000,2020-04-02
2020-04-03,55.210139089344835,55.41221477032094,53.24731792183612,54.12001037597656,51374000,2020-04-03
2020-04-06,56.11602340118259,58.97630304732489,55.719792255866984,58.60186767578125,63320000,2020-04-06
2020-04-07,60.276923253676514,60.463649693009586,58.307663109045976,58.57065963745117,61620000,2020-04-07
2020-04-08,59.58797774612607,60.17241655713172,58.6395026879109,59.7811393737793,40334000,2020-04-08
2020-04-09,60.33487166294358,60.5235743759765,59.059010366258434,59.75984191894531,54028000,2020-04-09
2020-04-13,59.50873115752453,60.15359577018456,58.55926611146684,59.95003128051758,38702000,2020-04-13
2020-04-14,61.41410381655945,63.18623839971038,60.84798810738659,62.665199279785156,63358000,2020-04-14
2020-04-15,61.738018399284236,63.15453947749883,61.118414653636655,62.27243423461914,42236000,2020-04-15
2020-04-16,62.75979362501559,63.067862946627,61.32643447758855,62.27886962890625,57896000,2020-04-16
2020-04-17,63.4809319389817,63.89202104328957,62.70333152394552,63.347206115722656,51050000,2020-04-17
2020-04-20,62.89600062078531,63.239234907850815,62.229838995215836,62.46311950683594,35292000,2020-04-20
2020-04-21,61.54980681039455,61.91086915528325,59.68207786569305,60.036705017089844,49648000,2020-04-21
2020-04-22,61.470571022835095,63.39079836936155,61.27691436087398,62.32741928100586,46296000,2020-04-22
2020-04-23,62.69045208401483,63.80039263918321,62.43240950578446,62.95939254760742,34202000,2020-04-23
2020-04-24,62.158522166719294,63.28332085409604,61.61370719032875,63.22834396362305,37402000,2020-04-24
2020-04-27,63.991082003498114,64.09509560385249,62.65677863962646,62.94404602050781,44186000,2020-04-27
2020-04-28,63.55522991283114,63.63249002753352,60.939121412826324,61.048580169677734,80700000,2020-04-28
2020-04-29,66.61611023326104,67.36646983433275,65.71122282126633,66.4764404296875,108358000,2020-04-29
2020-04-30,65.94052598518793,66.86374009954754,65.45216923000982,66.7002944946289,55842000,2020-04-30
2020-05-01,65.58045798829897,66.93457706750878,64.86576219710645,65.24514770507812,48872000,2020-05-01
2020-05-04,64.78996597274732,65.59926608459405,64.18967547834109,65.52149963378906,30806000,2020-05-04
2020-05-05,66.24463377015354,67.90433941720575,66.12230084826514,66.81520080566406,39666000,2020-05-05
2020-05-06,67.25997539271505,67.78943731097657,66.62253976087045,66.63739776611328,31732000,2020-05-06
2020-05-07,67.42391462370928,68.15149590002073,66.98954845815923,67.81865692138672,30652000,2020-05-07
2020-05-08,68.4397405474597,69.17375310247706,67.95386268848951,68.5645523071289,33326000,2020-05-08
2020-05-11,68.19061699528928,70.10935526187536,68.12672606272221,69.51798248291016,32718000,2020-05-11
2020-05-12,69.74731441852666,70.04993105053738,68.07770072347968,68.11088562011719,33918000,2020-05-12
2020-05-13,68.15940704714981,68.61358886479172,65.7745991923848,66.78102111816406,40368000,2020-05-13
2020-05-14,66.04750692572512,67.22876356451577,65.54132209784005,67.20350646972656,36660000,2020-05-14
2020-05-15,66.77755753562865,68.08114705053016,66.31891682085778,68.00586700439453,41544000,2020-05-15
2020-05-18,67.43729297529579,68.98159604195445,67.07176788673299,68.60617065429688,47094000,2020-05-18
2020-05-19,68.62102923990405,68.96821988437291,68.04055429387958,68.07225036621094,31586000,2020-05-19
2020-05-20,68.80328741306404,69.93601002438653,68.71710947231831,69.79386138916016,38262000,2020-05-20
2020-05-21,69.88450685474919,70.1554274195608,69.06232853947765,69.67450714111328,30894000,2020-05-21
2020-05-22,69.53334027151953,70.18216501966805,69.13958802109688,69.99594116210938,28544000,2020-05-22
2020-05-26,71.41839638561501,71.57441298355187,70.3010306624816,70.39859771728516,44590000,2020-05-26
2020-05-27,70.33075177587496,70.59573212629044,69.07272616094963,70.34461975097656,31684000,2020-05-27
2020-05-28,69.34018521335773,71.54223095770017,69.2946211638657,70.24359130859375,35170000,2020-05-28
2020-05-29,70.35204041308344,71.15936052023724,70.13164166107148,71.00037384033203,37044000,2020-05-29
2020-06-01,70.61307875474463,71.39959332503963,70.44368538311765,71.06725311279297,25162000,2020-06-01
2020-06-02,71.0736814378857,71.46991253231057,70.41048993644438,71.43573760986328,23442000,2020-06-02
2020-06-03,71.4550542991904,71.76757874931127,70.90627548214987,71.2841796875,27732000,2020-06-03
2020-06-04,71.16184478167695,71.38671004458558,69.63784868950184,70.0484390258789,26982000,2020-06-04
2020-06-05,70.11481505470705,71.63336989632586,69.71759386528423,71.32232666015625,42642000,2020-06-05
2020-06-08,70.64180141994083,71.76708756566157,70.55264582472356,71.71954345703125,33878000,2020-06-08
2020-06-09,71.58085276794318,72.69821850375527,71.4382053488639,71.91962432861328,33624000,2020-06-09
2020-06-10,72.38668108171233,72.94437011787116,72.03255273815222,72.544677734375,31762000,2020-06-10
2020-06-11,71.37233549620176,71.8958572006623,69.26142572948949,69.43428039550781,47144000,2020-06-11
2020-06-12,70.6209918779244,71.04941785617385,68.63687377649948,69.98009490966797,36676000,2020-06-12
2020-06-15,68.8196368559929,70.578398478052,68.70621419670628,70.3674087524414,30468000,2020-06-15
2020-06-16,71.76707240625194,72.17172248901672,70.77600732018051,71.64176940917969,30648000,2020-06-16
2020-06-17,71.96223667280438,72.42086992194581,71.0801275728507,71.94242095947266,30610000,2020-06-17
2020-06-18,71.80919113015118,71.96371893186135,70.63981463059542,71.03010559082031,34862000,2020-06-18
2020-06-19,71.32132836203121,71.54420600166658,70.28122263375963,70.5605697631836,52784000,2020-06-19
2020-06-22,70.57889184321455,71.86366333812911,70.290634464632,71.84929656982422,29442000,2020-06-22
2020-06-23,71.91568026710264,73.06474988454434,71.56898083338518,72.509033203125,37752000,2020-06-23
2020-06-24,72.47435717496697,73.09395715763489,70.82604059730271,70.95977020263672,31592000,2020-06-24
2020-06-25,70.88645432582972,71.43622313045614,70.30795954379751,71.37580108642578,23958000,2020-06-25
2020-06-26,70.95630864483473,71.17373736157167,67.11139504691282,67.4848403930664,97640000,2020-06-26
2020-06-29,67.37587083037111,69.24112489792789,66.94546479006696,69.20001220703125,45074000,2020-06-29
2020-06-30,69.18565181426072,70.52886537426323,68.69283611298857,70.23416900634766,40286000,2020-06-30
2020-07-01,70.28965219310696,71.74133833788005,70.04249991760268,71.4203872680664,42182000,2020-07-01
2020-07-02,71.90775665433772,73.72446915928498,71.86961405030723,72.80372619628906,57218000,2020-07-02
2020-07-06,73.70612647763592,74.78832722194896,73.15288879441368,74.27570343017578,44712000,2020-07-06
2020-07-07,74.1013823199443,75.34900896864144,73.78291009668904,73.79380798339844,42364000,2020-07-07
2020-07-08,74.33268710222993,74.84630108233826,73.91169005427722,74.47136688232422,31766000,2020-07-08
2020-07-09,74.78486095554295,75.73630979120777,74.07462418142079,75.21724700927734,41836000,2020-07-09
2020-07-10,74.94930499270149,76.34056904013117,74.32871496647132,76.22516632080078,35918000,2020-07-10
2020-07-13,76.76650594695862,78.07505320173149,74.61795246148593,74.8987808227539,42954000,2020-07-13
2020-07-14,73.93595870830924,75.42231108902422,73.5961894957982,75.32622528076172,38108000,2020-07-14
2020-07-15,75.44361683508227,76.09244173435995,74.18559091188112,75.12911224365234,31026000,2020-07-15
2020-07-16,74.3673402136335,75.081053498292,73.71207647834652,75.03202056884766,26484000,2020-07-16
2020-07-17,75.13057934258785,75.45351046496295,74.19894610484987,75.12760925292969,34264000,2020-07-17
2020-07-20,75.03598803252913,77.7110338717438,74.42678707746852,77.45497131347656,30166000,2020-07-20
2020-07-21,78.50447647844284,78.60452239445694,76.89924512180716,77.06269073486328,27486000,2020-07-21
2020-07-22,77.05228897741014,77.61047684984354,76.43417029318135,77.5049819946289,24482000,2020-07-22
2020-07-23,77.55848677338363,77.77740431624677,74.71850645345809,75.12266540527344,33910000,2020-07-23
2020-07-24,74.2529388126378,75.05728143638413,73.67840404854456,74.6996841430664,29902000,2020-07-24
2020-07-27,74.94979774011692,76.15334144517429,74.90373490334046,75.75067138671875,27124000,2020-07-27
2020-07-28,75.53125844489945,75.58128139808517,74.31879698161339,74.47382354736328,30910000,2020-07-28
2020-07-29,74.54069094769629,75.9438352826019,74.44212629875796,75.45746612548828,22676000,2020-07-29
2020-07-30,74.19249511919088,76.31827031988374,74.05381538279661,76.1934585571289,36042000,2020-07-30
2020-07-31,74.14694100972764,74.54168329645547,72.01472655151453,73.69622802734375,91468000,2020-07-31
2020-08-03,73.84728983771697,74.1806124648211,72.89237209086029,73.43917083740234,45482000,2020-08-03
2020-08-04,73.63480832006313,73.95179166394234,72.51149486368587,72.97062683105469,37212000,2020-08-04
2020-08-05,73.14499068180275,73.79777567416224,72.86762356588414,73.25741577148438,29134000,2020-08-05
2020-08-06,73.1118091641214,74.60361066850393,72.90131063173659,74.5382308959961,33306000,2020-08-06
2020-08-07,74.74079797982189,75.28808803596695,73.61302541373514,74.21232604980469,27718000,2020-08-07
2020-08-10,73.83737100504653,74.64716235539323,73.17813973609532,74.13553619384766,20546000,2020-08-10
2020-08-11,73.99587650416217,74.81013451807152,73.21283088279655,73.3292236328125,31098000,2020-08-11
2020-08-12,73.65512760591216,74.87105817178005,73.55012397437174,74.65164184570312,22512000,2020-08-12
2020-08-13,74.69968693523121,76.12413598226395,74.69968693523121,75.11770629882812,22388000,2020-08-13
2020-08-14,74.9671346484646,75.273227709081,74.24352104005268,74.52236938476562,21942000,2020-08-14
2020-08-17,75.08402003992009,75.47084207168449,74.54069016477087,75.0973892211914,19990000,2020-08-17
2020-08-18,75.58674029245068,77.13451218568095,75.36634150474427,77.0557632446289,28378000,2020-08-18
2020-08-19,76.89280103993732,77.70359007865663,76.274191139251,76.50251770019531,30472000,2020-08-19
2020-08-20,76.27269900735013,78.26375459798543,75.99979844604805,78.0696029663086,26382000,2020-08-20
2020-08-21,77.84920424259258,78.84374588387767,77.379181914603,78.03593444824219,34838000,2020-08-21
2020-08-24,78.87296152708002,79.68078050408558,78.00967820848737,78.51041412353516,25638000,2020-08-24
2020-08-25,78.26029732922122,79.68573629924437,78.15034355310362,79.5356674194336,25150000,2020-08-25
2020-08-26,79.55795969252074,81.86055017042472,79.29446813584885,81.43162536621094,52188000,2020-08-26
2020-08-27,81.55444721457123,81.62279705968226,80.17755001413131,80.65847778320312,31350000,2020-08-27
2020-08-28,80.70553787302336,81.29393305404557,80.51435629556859,81.19883728027344,22418000,2020-08-28
2020-08-31,81.40387486268835,81.44993769793462,80.50047648092746,80.70849609375,26422000,2020-08-31
2020-09-01,80.83876691063882,82.17901042562862,80.70850618421295,81.97396087646484,22652000,2020-09-01
2020-09-02,82.61435286260449,85.49147748723784,82.22703963118589,85.0600814819336,49522000,2020-09-02
2020-09-03,84.17501205081606,84.19878788185247,79.62778233912816,80.70751190185547,63726000,2020-09-03
2020-09-04,79.69166780285563,80.9789181114478,76.17364614376099,78.31526947021484,55850000,2020-09-04
2020-09-08,75.53126156414605,77.0443596026443,75.11026462423943,75.46192169189453,54032000,2020-09-08
2020-09-09,76.71499512271721,77.20136424573312,75.53967865021947,76.63228607177734,39242000,2020-09-09
2020-09-10,76.77840721698225,77.9413371691377,75.28362830526697,75.5832748413086,33024000,2020-09-10
2020-09-11,75.68728345893592,76.20980761182184,73.94734000116009,75.07362365722656,30706000,2020-09-11
2020-09-14,75.8606363352639,77.11619079842107,74.5461486392724,74.73039245605469,42660000,2020-09-14
2020-09-15,75.67440508578143,76.81851683021489,75.38763651665754,76.0324935913086,23042000,2020-09-15
2020-09-16,76.39702349907539,76.98591739664747,74.86707984364574,74.891845703125,22128000,2020-09-16
2020-09-17,73.59023272087275,74.22667831338956,72.43374183764101,73.65115356445312,40008000,2020-09-17
2020-09-18,73.71356487148887,74.0553141095479,70.90627852759398,71.87059783935547,63056000,2020-09-18
2020-09-21,70.90626965325599,71.32428892547448,69.47291064999759,70.83296966552734,56908000,2020-09-21
2020-09-22,71.83246499368731,72.50853448781227,70.8012770688142,72.30298614501953,33950000,2020-09-22
2020-09-23,71.92012181710307,71.96915474098076,69.47291186340289,69.80524444580078,37726000,2020-09-23
2020-09-24,69.47292772341115,71.22178167009388,69.44667303530416,70.472412109375,34552000,2020-09-24
2020-09-25,70.58089019606271,71.61553962151739,69.72057675017318,71.27478790283203,30326000,2020-09-25
2020-09-28,72.90575828659614,72.95528245525625,71.63237575187196,72.24553680419922,30784000,2020-09-28
2020-09-29,72.505572058924,72.90625457931591,72.01473634931796,72.61007690429688,31816000,2020-09-29
2020-09-30,72.3584584734925,73.6095539606257,72.10190469623866,72.58926391601562,40924000,2020-09-30
2020-10-01,73.4837487839476,74.04887444818279,73.14397960876425,73.6937484741211,32884000,2020-10-01
2020-10-02,72.29357184396041,73.25442978973021,71.68536100740494,72.0939712524414,31222000,2020-10-02
2020-10-05,72.4431428923293,73.53525148557794,72.31635107000282,73.44263458251953,21602000,2020-10-05
2020-10-06,73.0795956580277,73.52634094837055,71.56946764606727,71.86713409423828,26096000,2020-10-06
2020-10-07,72.2777366606318,72.7561856589531,70.98602714690402,72.26931762695312,36108000,2020-10-07
2020-10-08,72.58183064483968,73.70018648557594,72.58183064483968,73.47235870361328,26076000,2020-10-08
2020-10-09,73.9394044750553,74.87995540940231,73.64916705142821,74.81061553955078,32966000,2020-10-09
2020-10-12,76.17512972135019,78.67236249973703,75.74422496235202,77.49209594726562,55344000,2020-10-12
2020-10-13,78.10726139497713,78.51092153094577,77.19692510953374,77.61494445800781,39072000,2020-10-13
2020-10-14,77.98789668241234,78.44603112515772,76.56641781072753,77.43515014648438,33174000,2020-10-14
2020-10-15,76.49706780025525,77.82939090293596,76.3301608746846,77.04039764404297,31210000,2020-10-15
2020-10-16,77.35539721644541,78.1419115844437,77.14886643795133,77.64613342285156,34194000,2020-10-16
2020-10-19,78.05376129785903,78.44999238883686,75.4282475861299,75.77642822265625,29734000,2020-10-19
2020-10-20,75.43765140927295,77.9502410883178,75.30838073196634,76.82296752929688,41670000,2020-10-20
2020-10-21,77.75263238474066,79.99579072282901,77.61841153833419,78.5520248413086,60322000,2020-10-21
2020-10-22,78.50298340637796,79.91058659318215,78.13052815542754,79.57577514648438,30512000,2020-10-22
2020-10-23,79.99133003663475,80.9358412049653,79.83580465730036,80.87937927246094,30548000,2020-10-23
2020-10-26,79.98885284156889,80.71097762065797,77.65010749864534,78.46782684326172,35826000,2020-10-26
2020-10-27,78.69763681929496,79.34497273080397,78.1062640439102,79.19044494628906,25902000,2020-10-27
2020-10-28,76.7699878111158,76.95819174187838,74.71306085293473,74.82796478271484,45174000,2020-10-28
2020-10-29,75.136034380202,78.68823166957667,75.11275733977158,77.1102523803711,55406000,2020-10-29
2020-10-30,82.58613678247883,83.27359537717219,79.32367854725615,80.0438232421875,99878000,2020-10-30
2020-11-02,80.41182087807515,82.13046723044356,79.95120007630521,80.45045471191406,44228000,2020-11-02
2020-11-03,80.76942013279667,82.16810552168376,79.84570721056207,81.50739288330078,31432000,2020-11-03
2020-11-04,84.47516357940994,87.66729207687226,84.34738170376455,86.46968841552734,71342000,2020-11-04
2020-11-05,87.68807900889995,88.74651153606514,86.23094410614924,87.29432678222656,39758000,2020-11-05
2020-11-06,86.74159460999942,87.59150879312968,86.0155021766149,87.15714263916016,28622000,2020-11-06
2020-11-09,88.95256106744117,89.98820035330125,87.0491719162003,87.2408447265625,53440000,2020-11-09
2020-11-10,85.67326433218005,87.13980845567484,84.9971948371196,86.0670166015625,43022000,2020-11-10
2020-11-11,86.59598336328685,87.31414805235568,86.33150177954062,86.53804016113281,31838000,2020-11-11
2020-11-12,86.27899669762176,87.41716831631348,86.0793960905829,86.31961059570312,26474000,2020-11-12
2020-11-13,86.57616160127186,88.01892972596343,85.98082873454973,87.77772521972656,29744000,2020-11-13
2020-11-16,87.37557173690674,88.87134076750016,87.23639317159765,87.86540985107422,25468000,2020-11-16
2020-11-17,87.55980685012722,88.0194376680563,87.14525640032842,87.25273132324219,21314000,2020-11-17
2020-11-18,87.00409397679279,87.41815317224925,86.10910700587331,86.21163177490234,20108000,2020-11-18
2020-11-19,85.84463006966791,87.34336905613068,85.68564336156041,87.09968566894531,20106000,2020-11-19
2020-11-20,87.26956435847775,87.58456766371387,85.932291024066,86.00064086914062,27694000,2020-11-20
2020-11-23,86.1908412115801,86.47661977260348,84.70300005992536,85.56380462646484,22530000,2020-11-23
2020-11-24,85.56081856712366,87.49144457321789,85.22550834263211,87.36366271972656,27984000,2020-11-24
2020-11-25,87.55732468549407,87.68460774765728,86.59398794592515,87.37505340576172,19600000,2020-11-25
2020-11-27,87.39536810388411,89.00356955849365,87.39536810388411,88.50877380371094,14790000,2020-11-27
2020-11-30,87.94563517843181,88.17792187358639,86.56823916359279,86.89315032958984,32418000,2020-11-30
2020-12-01,87.50038072004872,90.22742954015868,87.32058825901903,88.9218521118164,37350000,2020-12-01
2020-12-02,88.92185299674881,90.77323924250796,88.41715688663899,90.38839721679688,29424000,2020-12-02
2020-12-03,90.16898581671288,91.32250671536013,89.99365227253425,90.2333755493164,24728000,2020-12-03
2020-12-04,90.15314239898743,90.61276570513371,89.82476230336675,90.32847595214844,20544000,2020-12-04
2020-12-07,89.9218248939155,90.60235326181058,89.30222492676637,89.99513244628906,22288000,2020-12-07
2020-12-08,89.57365096270438,89.94263737562288,88.7197766206352,89.71282196044922,19936000,2020-12-08
2020-12-09,89.66477459900621,90.55679149923866,87.26956740577334,88.05509185791016,31728000,2020-12-09
2020-12-10,87.29928560071609,87.91294541969803,85.85948741239226,87.54940795898438,28688000,2020-12-10
2020-12-11,87.17050373177476,88.02784683803104,86.81092643169835,87.90352630615234,18628000,2020-12-11
2020-12-14,87.70145902583772,88.64646138219037,86.63212857361042,86.78715515136719,33050000,2020-12-14
2020-12-15,87.1635770419372,87.36862659206206,86.26265739646938,87.22400665283203,21352000,2020-12-15
2020-12-16,87.62170901445369,87.62170901445369,86.62866380020262,87.03132629394531,24676000,2020-12-16
2020-12-17,87.36515988539692,87.50284960689325,85.74160920753897,86.20519256591797,34880000,2020-12-17
2020-12-18,86.48554702566783,86.59401199511935,84.94173500645941,85.49744415283203,85256000,2020-12-18
2020-12-21,84.65097756458779,86.03134359423083,83.90160815092943,85.91049194335938,33974000,2020-12-21
2020-12-22,85.65146053831243,85.81391611478843,84.4850618452266,85.20025634765625,20370000,2020-12-22
2020-12-23,85.38401507930502,86.38349935541012,85.2487966486839,85.59698486328125,22974000,2020-12-23
2020-12-24,85.63511475228846,86.29929627707045,85.40480812325238,85.89068603515625,9312000,2020-12-24
2020-12-28,86.42311521018222,88.50777783386496,86.27007625611239,87.86192321777344,27650000,2020-12-28
2020-12-29,88.51919197774836,88.58060406595271,86.92832717450035,87.05957794189453,19726000,2020-12-29
2020-12-30,87.41816723509775,87.55486694912716,85.58560660058905,85.99421691894531,21026000,2020-12-30
2020-12-31,86.04472710858418,87.0466902305064,85.98627755937241,86.80598449707031,21070000,2020-12-31
2021-01-04,87.17049925718457,87.29382219548624,84.55241479491715,85.49296569824219,37324000,2021-01-04
2021-01-05,85.44147592983045,86.51822799258747,85.03583571072942,86.18242645263672,20360000,2021-01-05
2021-01-06,84.21166484451052,86.37656533006327,84.0056252787186,85.33200073242188,46588000,2021-01-06
2021-01-07,85.52417173941943,88.05310844160358,85.52417173941943,87.88075256347656,41936000,2021-01-07
2021-01-08,88.02042296709797,89.11996067150037,87.23093086255197,89.04418182373047,35484000,2021-01-08
2021-01-11,88.01347658732577,88.37801157929371,86.78120698961976,86.98674774169922,34796000,2021-01-11
2021-01-12,86.44540502976464,87.56178078053122,85.01006585841895,86.05264282226562,29528000,2021-01-12
2021-01-13,85.5519192182628,86.99172506718408,85.5519192182628,86.53903198242188,23432000,2021-01-13
2021-01-14,86.61925625813795,87.54445807823365,85.49000247726248,85.73021697998047,29212000,2021-01-14
2021-01-15,85.63611997667222,86.55735421375228,84.77878423975633,85.56678009033203,31444000,2021-01-15
2021-01-19,86.32852762712288,89.3418536240995,85.82482158279993,88.38248443603516,41660000,2021-01-19
2021-01-20,90.45772029557415,94.09065343418634,90.11795870459963,93.11741638183594,64152000,2021-01-20
2021-01-21,93.7900248476181,95.69340636712899,93.084730602036,93.31949615478516,58634000,2021-01-21
2021-01-22,93.68156395871092,94.32196976208911,92.94061343149993,93.73604583740234,32744000,2021-01-22
2021-01-25,94.73553199201658,95.18525497123451,92.08178325038038,93.82122802734375,50586000,2021-01-25
2021-01-26,93.41064108604714,94.88461430682868,92.92229180729993,94.498291015625,31462000,2021-01-26
2021-01-27,92.86185061997337,93.1372300622554,89.01693751997792,90.08972930908203,82512000,2021-01-27
2021-01-28,90.6870603682726,93.50969620106542,90.6870603682726,91.7865982055664,55278000,2021-01-28
2021-01-29,90.83663627462968,91.50626687676487,89.22894090346985,90.50677490234375,44530000,2021-01-29
2021-02-01,91.36014419942674,94.87420605547841,91.36014419942674,93.76129913330078,40252000,2021-02-01
2021-02-02,94.75484486792932,96.54976147357345,94.42002583322707,95.05152130126953,66332000,2021-02-02
2021-02-03,102.30698592563262,104.3381569964161,99.7285172483929,101.9736557006836,97882000,2021-02-03
2021-02-04,102.05982362673574,102.48973084988792,100.7958502900432,101.713623046875,48596000,2021-02-04
2021-02-05,102.00733277006397,103.80918723346058,101.53384151160945,103.45703887939453,29866000,2021-02-05
2021-02-08,104.01027478733427,104.7532053215295,102.19505117407518,103.24356842041016,28828000,2021-02-08
2021-02-09,102.76214943056925,103.93647605054652,102.52441377558988,102.79137420654297,21892000,2021-02-09
2021-02-10,103.17521915125829,103.95480346885013,101.64478405598078,103.34064483642578,25102000,2021-02-10
2021-02-11,103.56451419165847,103.71309424491231,102.46794654227034,103.45307159423828,20480000,2021-02-11
2021-02-12,103.00830594107755,103.98550319284138,102.70122286478392,103.76411437988281,18990000,2021-02-12
2021-02-16,103.6016588245308,106.24599833126774,103.6016588245308,104.54022979736328,31004000,2021-02-16
2021-02-17,103.71211324161287,105.12170427033345,103.43327244191914,104.93250274658203,20294000,2021-02-17
2021-02-18,104.25790430962748,105.0993993877626,103.67990074352853,104.29801940917969,22546000,2021-02-18
2021-02-19,104.39610690674289,104.93051900498949,103.18958542078308,103.45604705810547,37938000,2021-02-19
2021-02-22,101.71214879624529,103.03605313530579,101.43478925769867,101.74483489990234,29466000,2021-02-22
2021-02-23,99.7503100025293,102.64823328322915,98.57350455481658,102.03506469726562,34658000,2021-02-23
2021-02-24,100.54524673581074,103.43178098580059,100.42093374260209,103.20840454101562,22608000,2021-02-24
2021-02-25,101.82753952667834,103.1682817745652,99.37884052135821,99.84738159179688,41548000,2021-02-25
2021-02-26,100.54078932464888,101.85676582886522,99.10743003489145,100.142578125,40042000,2021-02-26
2021-03-01,101.43476146385098,102.83295545423542,100.76216098843244,102.50755310058594,26060000,2021-03-01
2021-03-02,102.26884280534797,103.74975372991652,101.86420019858386,102.25101470947266,25564000,2021-03-02
2021-03-03,101.63041426269442,102.82108003698221,98.76021959763636,99.62252044677734,33892000,2021-03-03
2021-03-04,99.79388752346941,102.75174142926133,99.32633649330769,100.73790740966797,49216000,2021-03-04
2021-03-05,102.08608941835445,104.3173523605475,100.43331380984755,103.86515808105469,53100000,2021-03-05
2021-03-08,103.2207915540483,104.69079704860464,99.31445846041423,99.42887115478516,36868000,2021-03-08
2021-03-09,101.5214533376975,102.22327112991414,100.82061801783814,101.0563735961914,33920000,2021-03-09
2021-03-10,102.09846248595427,102.09846248595427,100.01478970178172,100.84984588623047,27100000,2021-03-10
2021-03-11,101.94097333588161,104.56846748398614,101.85330656149335,104.03702545166016,27702000,2021-03-11
2021-03-12,102.84188482601583,102.9013168439553,100.6631164196288,101.53382873535156,33818000,2021-03-12
2021-03-15,101.28519734362825,101.7809755596203,100.43380192738763,101.75373840332031,26168000,2021-03-15
2021-03-16,102.32579625344081,104.6878185156379,101.99395487739476,103.21236419677734,31900000,2021-03-16
2021-03-17,102.44863427821845,103.96074246670578,101.24261159381157,103.12965393066406,26382000,2021-03-17
2021-03-18,101.44368730072172,102.46249602458781,100.00735805315745,100.11434173583984,31700000,2021-03-18
2021-03-19,100.52989105422479,100.8919396815701,99.2025179744217,100.39269256591797,46072000,2021-03-19
2021-03-22,100.42588064974929,101.45161962831861,99.7508011876039,100.57743835449219,33536000,2021-03-22
2021-03-23,101.03605842357481,102.23267186995687,100.44419445127932,101.10440826416016,28510000,2021-03-23
2021-03-24,101.6210105719403,102.40554505722855,100.49373679196368,100.6685791015625,25218000,2021-03-24
2021-03-25,100.49621315872466,101.31789263996187,98.8637445252711,100.66510772705078,35616000,2021-03-25
2021-03-26,100.63193424471524,101.00834970554837,99.24809899661291,100.28226470947266,27978000,2021-03-26
2021-03-29,100.15496602638108,101.49471837986127,99.32733878067825,101.32532501220703,26492000,2021-03-29
2021-03-30,101.68142582954123,102.16135599859949,100.84785852895199,101.35899353027344,27312000,2021-03-30
2021-03-31,101.75176698502271,103.32975373421876,101.38525186813577,102.15393829345703,42570000,2021-03-31
2021-04-01,103.6264145450046,105.78090823071435,103.5858006525775,105.48522186279297,39880000,2021-04-01
2021-04-05,106.34555045878076,110.39898226343156,106.24946465618592,109.90220642089844,48510000,2021-04-05
2021-04-06,109.50398600807345,110.349940034583,109.05179177903032,109.42176818847656,35240000,2021-04-06
2021-04-07,109.61195995099271,111.16716076045078,109.61195995099271,110.896240234375,24134000,2021-04-07
2021-04-08,112.13297061526548,112.51880262359724,111.09336371525733,111.46086883544922,28664000,2021-04-08
2021-04-09,111.21373406084967,112.62678638615232,110.80858509838885,112.46334075927734,26146000,2021-04-09
2021-04-12,111.64363975188911,111.7808306901955,110.34103246237824,111.1731185913086,25024000,2021-04-12
2021-04-13,111.48859788327219,112.10671654771312,111.09533689679665,111.65897369384766,25682000,2021-04-13
2021-04-14,112.30286043860204,112.30286043860204,110.74716829600973,111.03888702392578,21002000,2021-04-14
2021-04-15,112.03144329679716,113.71789487758596,111.49752247546817,113.18545532226562,29174000,2021-04-15
2021-04-16,113.38308017201123,113.6307236741499,112.47571401741611,113.06163787841797,26282000,2021-04-16
2021-04-19,112.43906809584607,114.11858197870201,112.43906809584607,113.4088363647461,30290000,2021-04-19
2021-04-20,113.79168250896858,113.86647132508118,111.79221529986594,112.87639617919922,22288000,2021-04-20
2021-04-21,112.53167863878394,112.92543087903039,111.18300863181327,112.84371185302734,23204000,2021-04-21
2021-04-22,112.69760601862724,113.36525649353501,110.96014131648565,111.56439208984375,24146000,2021-04-22
2021-04-23,112.28156447737894,114.21912854433809,111.99677595604035,113.91254425048828,29066000,2021-04-23
2021-04-26,114.13987122202711,115.13094395972442,113.78326399756901,114.40782165527344,32038000,2021-04-26
2021-04-27,114.78919765815289,114.82981155365069,113.23052794560031,113.4692611694336,44386000,2021-04-27
2021-04-28,118.49741391689179,120.42309000119249,116.5519296780215,116.8401870727539,81106000,2021-04-28
2021-04-29,118.33545731512626,119.07491892786257,117.57370113692855,118.51029205322266,41234000,2021-04-29
2021-04-30,117.28495822738344,117.96993800153318,116.22207421400664,116.56580352783203,44856000,2021-04-30
2021-05-03,117.13092405968729,117.9550824057856,115.67428774136816,116.04971313476562,28242000,2021-05-03
2021-05-04,114.58712677663047,115.15373373881623,111.77043123786963,114.2542953491211,44818000,2021-05-04
2021-05-05,115.3340133897962,115.64950792603096,114.32610258829462,114.64754486083984,26636000,2021-05-05
2021-05-06,114.22951700606814,115.76589965820312,113.57128322599208,115.76589965820312,25190000,2021-05-06
2021-05-07,117.08039985339984,117.44492732898748,116.2022509428102,116.48802947998047,28898000,2021-05-07
2021-05-10,115.30974610905047,115.45140351248499,113.15029447198425,113.50740051269531,30914000,2021-05-10
2021-05-11,111.09635365191599,112.93931328461193,110.64316177737274,112.4331283569336,34186000,2021-05-11
2021-05-12,110.2602886648613,111.33951936691393,108.6471371723588,108.97550964355469,46376000,2021-05-12
2021-05-13,110.2568312457659,110.91655390355615,109.2959732405026,110.40145874023438,33204000,2021-05-13
2021-05-14,111.86256093254717,113.15922052745495,111.4395838661801,112.84520721435547,31996000,2021-05-14
2021-05-17,112.11167889410602,113.40982723364519,111.71247768556474,113.36723327636719,21598000,2021-05-17
2021-05-18,114.03240543824316,114.29639577340654,112.04332959493337,112.05719757080078,22204000,2021-05-18
2021-05-19,110.37123586133087,112.67728734778952,110.22314705186243,112.50443267822266,23684000,2021-05-19
2021-05-20,113.47025527402623,114.51035344458924,113.09978005208858,114.26023864746094,32352000,2021-05-20
2021-05-21,114.77829654764197,114.85160409793224,113.3860425755212,113.6252670288086,40632000,2021-05-21
2021-05-24,114.65348735993426,117.16260836847114,114.50836863700562,116.93923950195312,31832000,2021-05-24
2021-05-25,117.48207094364784,118.0764138121948,116.64008458341634,117.02987670898438,22440000,2021-05-25
2021-05-26,117.21064667915815,118.32356107881209,117.20767658979875,117.8936538696289,21572000,2021-05-26
2021-05-27,118.32654591291701,118.32654591291701,116.70250387182054,117.02047729492188,35224000,2021-05-27
2021-05-28,117.60193345186725,117.68365247944479,116.53360056946752,116.7317123413086,21482000,2021-05-28
2021-06-01,117.60292325646189,118.16111114569608,116.60442148804488,117.9367446899414,23354000,2021-06-01
2021-06-02,118.33148554300686,118.55387193641818,116.50932431972745,117.41223907470703,21158000,2021-06-02
2021-06-03,116.18095612229426,116.74013405527799,115.37809480951424,116.2725830078125,18696000,2021-06-03
2021-06-04,117.34687118314812,118.82084435735165,117.00710198292333,118.5504150390625,24458000,2021-06-04
2021-06-07,118.34585886059564,119.09225825527676,117.92783952826873,118.98279571533203,24120000,2021-06-07
2021-06-08,119.46372006492163,119.83567654607704,118.6103370083439,118.79161071777344,24240000,2021-06-08
2021-06-09,119.43500068262446,119.50681185923406,118.71534719057304,119.26214599609375,17942000,2021-06-09
2021-06-10,119.21161391319085,120.65191080241577,119.05609609965173,120.60881805419922,25904000,2021-06-10
2021-06-11,120.85001838752488,120.93520629371287,119.8079326876981,120.36463928222656,21958000,2021-06-11
2021-06-14,120.46667136672363,121.29181966635244,119.76039466436602,121.29132843017578,22098000,2021-06-14
2021-06-15,121.2957827685943,121.61821508792153,119.91492539953478,120.2750015258789,21562000,2021-06-15
2021-06-16,120.42607300575713,120.73711623546001,118.34388884886698,119.63410949707031,26472000,2021-06-16
2021-06-17,119.55980920462216,121.36760375769067,119.36416872070753,120.595947265625,25842000,2021-06-17
2021-06-18,120.22299376263435,120.45676929158408,118.88374028868567,118.97883605957031,46116000,2021-06-18
2021-06-21,119.36466939073665,120.85003164182754,118.76833886705938,120.66429901123047,27414000,2021-06-21
2021-06-22,120.60238795397534,121.24626258391147,119.92285713304612,121.17741394042969,22390000,2021-06-22
2021-06-23,120.94265281129485,121.93520693581574,120.68609902579293,120.97583770751953,19148000,2021-06-23
2021-06-24,121.54342580129659,121.8955741299516,121.14720225046123,121.3453140258789,21362000,2021-06-24
2021-06-25,120.85002323534383,121.47705975699363,120.41912598072602,121.35372924804688,34594000,2021-06-25
2021-06-28,121.52212486149851,121.62762727603534,120.26112916843773,121.38097381591797,28526000,2021-06-28
2021-06-29,121.51421567121058,121.86141387084696,120.5439485707923,121.11996459960938,23108000,2021-06-29
2021-06-30,120.8445844421565,121.10461466323201,120.21061765850376,120.93869018554688,24474000,2021-06-30
2021-07-01,120.57761338692235,121.4314876540544,120.38594059110169,121.29033660888672,18110000,2021-07-01
2021-07-02,121.98918751815422,124.22193909928588,121.89954069361225,124.07682037353516,25982000,2021-07-02
2021-07-06,124.46413437328431,125.2362896391203,123.40818062703144,125.00053405761719,26404000,2021-07-06
2021-07-07,125.96337112785648,126.08421522849032,124.96387932066273,125.28185272216797,24060000,2021-07-07
2021-07-08,122.85693903291997,124.41164120732356,122.85297891324397,123.86534118652344,23790000,2021-07-08
2021-07-09,123.84651726271859,124.54932511010205,123.37747738496,124.33536529541016,18632000,2021-07-09
2021-07-12,124.98863457139831,125.87173355854371,124.42697784165982,125.77861785888672,17668000,2021-07-12
2021-07-13,125.84102901344178,126.8504211059645,125.48046166094439,126.14117431640625,19240000,2021-07-13
2021-07-14,126.75186691075336,128.10747473295962,126.70877416099604,127.02823638916016,23742000,2021-07-14
2021-07-15,127.43636220289176,127.48687640049349,125.3373325394716,125.80785369873047,24218000,2021-07-15
2021-07-16,126.45964664733984,126.60674543075577,124.96437663114637,125.77317810058594,20424000,2021-07-16
2021-07-19,124.9009824416762,125.01539513075979,122.34084076103703,123.40373229980469,27968000,2021-07-19
2021-07-20,124.34428103708474,125.84549891921584,123.17838099734327,125.01985931396484,26312000,2021-07-20
2021-07-21,124.94457111166655,126.39328717154766,124.83560736154857,126.34673309326172,20746000,2021-07-21
2021-07-22,126.63895018524038,127.27192694064978,126.29720092991697,127.21099853515625,14302000,2021-07-22
2021-07-23,129.20105830531395,132.14158302724823,128.5770069637434,131.76119995117188,41506000,2021-07-23
2021-07-26,132.07176860729342,132.97169830725278,131.0544410004229,132.7716064453125,30572000,2021-07-26
2021-07-27,132.98506156052375,133.13216035210118,128.87764673138182,130.65670776367188,54710000,2021-07-27
2021-07-28,135.02710463212827,136.9933944090336,134.00235582166118,134.8111572265625,95130000,2021-07-28
2021-07-29,134.86663652248504,135.37282138017332,134.26536345852853,134.49765014648438,31716000,2021-07-29
2021-07-30,133.76215245736805,134.02911285341315,132.98950601160692,133.45655822753906,25576000,2021-07-30
2021-08-02,133.84338139700745,134.0608100761032,132.5328540287545,133.58335876464844,21634000,2021-08-02
2021-08-03,133.8612180697714,134.4525908952914,132.0628400817748,134.3515625,20762000,2021-08-03
2021-08-04,134.07369424279747,134.37086945712394,133.21932116971857,133.851806640625,19676000,2021-08-04
2021-08-05,134.40156148083773,135.06476051712352,133.57492439775388,134.96717834472656,17870000,2021-08-05
2021-08-06,134.75968182925016,135.18612020781896,133.93552349692666,134.4590301513672,20488000,2021-08-06
2021-08-09,134.6611252700337,135.89092386932936,134.06379711294062,135.62246704101562,17760000,2021-08-09
2021-08-10,136.04740162628875,136.47385507476878,135.0791222485657,135.5174560546875,19414000,2021-08-10
2021-08-11,135.88843523972923,136.38470472961833,134.98700924033824,134.99444580078125,15352000,2021-08-11
2021-08-12,134.69381269773547,136.00583677321742,134.1490089953672,135.9008331298828,16506000,2021-08-12
2021-08-13,135.9562830728058,136.55707249857926,135.7413332281866,136.4292755126953,15948000,2021-08-13
2021-08-16,136.2286625169242,137.0582771843094,134.0236471850214,137.00576782226562,22384000,2021-08-16
2021-08-17,136.4515622501744,136.9622060258579,134.7992856193709,135.37332153320312,21716000,2021-08-17
2021-08-18,135.21334461594546,135.8121539467732,134.04595587229625,134.17225646972656,19258000,2021-08-18
2021-08-19,133.16831623238994,135.06723891095177,132.98456366136284,134.4010772705078,21782000,2021-08-19
2021-08-20,134.71804924843835,136.2574019223177,133.97511882978887,136.1340789794922,31194000,2021-08-20
2021-08-23,136.66899066758523,139.54660679094027,136.31040338039173,138.72146606445312,28454000,2021-08-23
2021-08-24,139.2861104216961,140.74077433712029,139.01568864165813,139.92999267578125,19268000,2021-08-24
2021-08-25,140.29004594584057,140.84922389330168,140.04340002756325,140.73976135253906,15848000,2021-08-25
2021-08-26,140.41387655895255,141.07508052854902,140.024575623053,140.1072998046875,20610000,2021-08-26
2021-08-27,140.31727039124934,143.15031244371397,140.16323384722205,142.6466064453125,28780000,2021-08-27
2021-08-30,143.0388745733739,144.5945817480552,142.80410902722718,143.2275848388672,24434000,2021-08-30
2021-08-31,143.77882866881686,143.80308817598126,142.92099435753386,143.33355712890625,22448000,2021-08-31
2021-09-01,143.63324161174037,144.87541933160753,143.51783888497312,143.84671020507812,21936000,2021-09-01
2021-09-02,143.84718882858917,144.14782535950548,141.8353273499022,141.93637084960938,32342000,2021-09-02
2021-09-03,141.73182815855947,142.79619338912647,141.05822998053367,142.38461303710938,19850000,2021-09-03
2021-09-07,142.47875222522075,143.2023659746991,142.2652835995809,142.92054748535156,20124000,2021-09-07
2021-09-08,142.74173490823725,143.03889504845884,141.65209734422024,142.33657836914062,18344000,2021-09-08
2021-09-09,142.48466472180607,142.9502357286335,141.8279196972411,142.18798828125,15314000,2021-09-09
2021-09-10,142.85316370039908,143.35440605337484,139.41142650897547,139.54812622070312,36840000,2021-09-10
2021-09-13,140.61147464793981,141.60254742162573,139.9185746785746,140.99087524414062,22094000,2021-09-13
2021-09-14,141.64758893828622,142.0116326553011,140.41383064883883,141.20083618164062,19674000,2021-09-14
2021-09-15,141.42573878807053,143.08891341943206,140.0151653694078,143.068115234375,27408000,2021-09-15
2021-09-16,142.5936227227182,142.9398308741866,141.05922759081184,142.25633239746094,26190000,2021-09-16
2021-09-17,141.68226770681804,142.0978080940116,139.14590241244088,139.47279357910156,53384000,2021-09-17
2021-09-20,136.85918731338376,137.68978457112166,135.03703359355418,137.41192626953125,46518000,2021-09-20
2021-09-21,138.43222649685097,138.69176548662895,136.9746001490419,137.7224884033203,25332000,2021-09-21
2021-09-22,137.9909069886217,139.55897809141058,137.24549771276565,138.96116638183594,25056000,2021-09-22
2021-09-23,139.65854119567996,140.36085773026602,139.07806633946038,139.8848876953125,20952000,2021-09-23
2021-09-24,139.21378542182566,140.9889014490048,138.91908904507557,140.87448120117188,22984000,2021-09-24
2021-09-27,139.47726820093547,140.60058167299186,138.7472157143195,139.74224853515625,21882000,2021-09-27
2021-09-28,137.34802029105808,137.7853564830618,134.08408116624037,134.54965209960938,45772000,2021-09-28
2021-09-29,135.68881987904555,135.85821322958458,132.60319159739623,133.0870819091797,30848000,2021-09-29
2021-09-30,132.9959304531151,134.26484619084297,132.29707531083466,132.4159393310547,37996000,2021-09-30
2021-10-01,133.18019830322703,135.61999474858516,132.80923183052033,135.25595092773438,35360000,2021-10-01
2021-10-04,134.67896445850013,134.67896445850013,129.81475761711434,132.399658203125,51202000,2021-10-04
2021-10-05,132.77750226995343,135.93099611936512,132.77750226995343,134.74081420898438,32404000,2021-10-05
2021-10-06,133.47984240404816,136.45156431285815,133.28173063311934,136.268310546875,24364000,2021-10-06
2021-10-07,137.58278984045617,138.72195890614324,137.3440641883344,137.91265869140625,25110000,2021-10-07
2021-10-08,138.26131910153538,139.00820959141265,137.90521071238433,138.46786499023438,26526000,2021-10-08
2021-10-11,137.9790418985693,139.3856551740966,137.55010956888324,137.60459899902344,17954000,2021-10-11
2021-10-12,138.16524679321643,138.19200026988304,134.48031058391572,135.16282653808594,36332000,2021-10-12
2021-10-13,136.1073286205011,136.6992001618353,135.23215741372877,136.28514099121094,19654000,2021-10-13
2021-10-14,138.15933141827642,140.0052611798392,137.51644677005615,139.82052612304688,31894000,2021-10-14
2021-10-15,140.27964359990548,140.38216837162227,139.4282481493286,140.03546142578125,30274000,2021-10-15
2021-10-18,139.74672063679765,141.4500103351122,139.7397828702763,141.4321746826172,20396000,2021-10-18
2021-10-19,142.03593493574522,142.30835187108826,141.25586693285337,141.88685607910156,20164000,2021-10-19
2021-10-20,141.9869044494379,142.1929515962264,140.04389134259256,140.4326934814453,23288000,2021-10-20
2021-10-21,140.4326824733916,140.81604319627527,139.1756468498999,140.548583984375,26292000,2021-10-21
2021-10-22,137.83836064745896,139.25785180366452,134.77353061581803,136.26979064941406,50588000,2021-10-22
2021-10-25,136.25345419885457,136.69920946760487,134.14748690052696,136.15142822265625,34412000,2021-10-25
2021-10-26,137.95081782575454,138.76258192048442,137.000857642727,137.99539184570312,49236000,2021-10-26
2021-10-27,138.09097801545303,147.24883052188773,138.09097801545303,144.83926391601562,85782000,2021-10-27
2021-10-28,145.74760253688694,145.77087957264158,143.26373121245243,144.47421264648438,36206000,2021-10-28
2021-10-29,143.71048698452512,146.84466433843326,143.2860287173303,146.6505126953125,43320000,2021-10-29
2021-11-01,146.6505105104067,146.6505105104067,141.87543820787974,142.14437866210938,46924000,2021-11-01
2021-11-02,143.2167042160869,145.22706960553992,142.97500087453776,144.06166076660156,33482000,2021-11-02
2021-11-03,144.5252514271149,145.28651643687795,143.22810059076318,145.2161865234375,27494000,2021-11-03
2021-11-04,145.7377178074388,148.32213437848205,144.92891621947427,146.8699493408203,38412000,2021-11-04
2021-11-05,147.76341051453076,148.91049982568654,146.80008886811825,147.44891357421875,38354000,2021-11-05
2021-11-08,148.41274287140487,149.19530477650676,147.03138673691146,147.62623596191406,23052000,2021-11-08
2021-11-09,147.82628959557272,148.42212113897054,145.85702251127216,147.51475524902344,19530000,2021-11-09
2021-11-10,146.10964321080158,146.67427756177884,143.17507421941508,144.51828002929688,29970000,2021-11-10
2021-11-11,145.10869397753137,146.144839595857,144.22806618195017,144.3925018310547,16518000,2021-11-11
2021-11-12,145.2334613891063,147.44691067551923,144.04031698439135,147.27651977539062,22360000,2021-11-12
2021-11-15,147.49696261340108,148.13984720055237,146.18395628145507,147.0526885986328,23508000,2021-11-15
2021-11-16,146.75303721658253,147.36025044711448,145.92392127932118,146.48211669921875,18904000,2021-11-16
2021-11-17,146.63218759828888,147.15917066321168,145.85211965055908,146.65150451660156,19594000,2021-11-17
2021-11-18,146.84420040414852,149.1611578418581,146.49057074897004,148.4261474609375,35608000,2021-11-18
2021-11-19,148.56184386065286,149.54351527153173,147.49549843490428,147.52273559570312,33682000,2021-11-19
2021-11-22,147.92489515967466,148.4172045095236,144.76991940785044,144.92295837402344,30594000,2021-11-22
2021-11-23,144.7753725898354,145.2775973941184,142.75658818830502,144.40786743164062,27218000,2021-11-23
2021-11-24,144.1022548274951,144.870941178912,143.0121337594424,144.74266052246094,18040000,2021-11-24
2021-11-26,142.9878581645666,143.19488775564477,140.50548313123517,140.8427734375,30470000,2021-11-26
2021-11-29,142.64264622326615,144.91849043687807,142.53714381167404,144.15872192382812,32596000,2021-11-29
2021-11-30,143.64163495599894,144.6237898271877,140.2667519662039,140.55996704101562,42068000,2021-11-30
2021-12-01,142.6426635104405,144.5747786828492,139.58377337669666,139.72195434570312,34020000,2021-12-01
2021-12-02,139.91857980536682,142.50843750575342,138.89283327720514,141.618408203125,29194000,2021-12-02
2021-12-03,142.32665239215453,143.0388692426679,138.9785076767276,140.66297912597656,41230000,2021-12-03
2021-12-06,141.69219562959748,142.49653820256228,138.8289386103009,141.8056182861328,30618000,2021-12-06
2021-12-07,144.22411313803892,146.14038785227982,143.85858804406124,145.88134765625,32240000,2021-12-07
2021-12-08,146.20525307367103,146.9942539766536,145.0259839079488,146.78968811035156,24270000,2021-12-08
2021-12-09,146.19978856816275,147.69456716893538,145.72827747091617,146.24684143066406,23270000,2021-12-09
2021-12-10,147.29836288030972,147.57324356030594,145.32117483729272,146.6064453125,24458000,2021-12-10
2021-12-13,146.388478057807,146.57520823479044,144.14582656439873,144.45191955566406,27070000,2021-12-13
2021-12-14,142.61095145594314,143.11811878414613,139.88389547091273,142.55052185058594,38446000,2021-12-14
2021-12-15,142.05720547693662,145.33798264479324,140.342519317884,145.0606231689453,36370000,2021-12-15
2021-12-16,145.78326939220364,146.2849953541412,142.25335200656264,143.08346557617188,33650000,2021-12-16
2021-12-17,141.1568032286509,142.47872745262327,139.9681173823491,140.3891143798828,50416000,2021-12-17
2021-12-20,138.68036958927007,140.43814883611964,138.0077689503243,140.272216796875,27192000,2021-12-20
2021-12-21,140.71448653862208,142.51287937524026,139.1781115016759,142.1201171875,28756000,2021-12-21
2021-12-22,141.71893179495092,145.11907176242747,141.71893179495092,145.0348663330078,26322000,2021-12-22
2021-12-23,145.1190840665869,146.84614951123285,145.07153240558975,145.5316619873047,26384000,2021-12-23
2021-12-27,145.86796324695013,146.9457052312204,145.78227653939464,146.5123291015625,15976000,2021-12-27
2021-12-28,146.8387472271471,146.90115690740393,144.67782149510623,145.30435180664062,18200000,2021-12-28
2021-12-29,145.26219917649928,146.02742408145303,144.27460303087,145.27259826660156,17788000,2021-12-29
2021-12-30,145.31125094205046,145.9115415190522,144.61835101429233,144.82240295410156,15688000,2021-12-30
2021-12-31,144.67332366033148,145.3157093947341,143.4866180419922,143.4866180419922,18136000,2021-12-31
2022-01-03,143.6877102445083,144.47621238059426,142.35836459751644,143.62481689453125,28646000,2022-01-03
2022-01-04,144.02551936786173,145.1042591221281,142.36186079715404,143.03842163085938,28400000,2022-01-04
2022-01-05,143.0587024090049,143.13745135306127,136.3901632285162,136.47633361816406,54618000,2022-01-05
2022-01-06,135.7071485529665,138.62091962175828,135.27129360084805,136.44908142089844,37348000,2022-01-06
2022-01-07,136.84333622696138,137.14348910378652,134.48676280437064,135.72547912597656,29760000,2022-01-07
2022-01-10,133.80477279843086,137.51100668479543,131.90931129081562,137.36241149902344,44408000,2022-01-10
2022-01-11,136.7061624010073,138.89434020648147,135.40405384594243,138.41885375976562,28730000,2022-01-11
2022-01-12,139.8195080404844,141.26377260922706,139.36831139738393,140.0973663330078,26108000,2022-01-12
2022-01-13,140.20585383753698,141.5035186270779,137.10436954275085,137.28070068359375,31436000,2022-01-13
2022-01-14,135.78688828807677,139.41537040651573,135.7071568754875,138.16575622558594,29662000,2022-01-14
2022-01-18,134.89141323912568,135.8388944592343,134.1618595013737,134.71607971191406,34872000,2022-01-18
2022-01-19,135.2366308573954,136.659099745999,133.74284958736126,133.8428955078125,28648000,2022-01-19
2022-01-20,134.9656869674604,136.32872359744084,131.71114945131728,132.05091857910156,29908000,2022-01-20
2022-01-21,131.34367390126937,133.59424596274727,128.86030124010927,129.122802734375,55652000,2022-01-21
2022-01-24,124.79053071235748,129.96628601137778,123.32646545512321,129.571044921875,76622000,2022-01-24
2022-01-25,127.52648861229922,128.1792734229882,125.30809644097387,125.73849487304688,46960000,2022-01-25
2022-01-26,129.88310183304458,131.7463686389637,125.94358328077169,128.01487731933594,49130000,2022-01-26
2022-01-27,130.06631929518292,131.40210375696927,127.71716755242338,127.78899383544922,31950000,2022-01-27
2022-01-28,128.43685397990885,132.09951167722036,127.27392388510259,132.09405517578125,34362000,2022-01-28
2022-01-31,132.89741722571594,134.1960645857834,130.96332172131784,134.0281524658203,39986000,2022-01-31
2022-02-01,136.29752469047622,136.49415519096547,133.1019351922104,136.3465576171875,68644000,2022-02-01
2022-02-02,149.82433100004454,150.11802980876558,144.15082455441086,146.60496520996094,123200000,2022-02-02
2022-02-03,144.33208137122566,148.26416246033293,141.32072802834824,141.74122619628906,71518000,2022-02-03
2022-02-04,142.09241348974794,143.50942602373587,139.19052224423842,141.9423370361328,57998000,2022-02-04
2022-02-07,142.89028927583428,142.89028927583428,137.59071270904863,137.88888549804688,54974000,2022-02-07
2022-02-08,137.71602037168682,138.6803395444201,135.7224935137273,138.0850067138672,54284000,2022-02-08
2022-02-09,139.63476944444088,141.18105994739093,138.8655843121402,140.25733947753906,40144000,2022-02-09
2022-02-10,138.38665259987917,140.15085547320035,136.65660953339068,137.3133544921875,39330000,2022-02-10
2022-02-11,137.2935464759076,137.84478899265827,132.14255018310712,133.01673889160156,39958000,2022-02-11
2022-02-14,132.00041169653696,135.01522615488605,132.00041169653696,134.24851989746094,34302000,2022-02-14
2022-02-15,136.27376928506482,136.80670770122907,134.54126220495533,135.3208465576172,26680000,2022-02-15
2022-02-16,135.35846364202985,136.7843937626377,133.6521963761595,136.43968200683594,25022000,2022-02-16
2022-02-17,134.9588003569333,135.8210938894795,131.2297877990537,131.2897186279297,38950000,2022-02-17
2022-02-18,132.20894242873914,132.80627055380495,128.96927736418834,129.173828125,45620000,2022-02-18
2022-02-22,128.61414903757367,130.93456750573523,127.01486532309565,128.5898895263672,44990000,2022-02-22
2022-02-23,130.40757990733792,130.80628231511255,126.32542227304695,126.3853530883789,32786000,2022-02-23
2022-02-24,123.77568492964569,131.74633962573986,123.77568492964569,131.44024658203125,54456000,2022-02-24
2022-02-25,132.29314574757424,133.9964355070235,130.50961066397696,133.1920928955078,36406000,2022-02-25
2022-02-28,131.79588020023658,134.47190837481307,131.34268834077528,133.78396606445312,38864000,2022-02-28
2022-03-01,133.6071519863644,134.97117152488107,131.96281035792023,132.7978515625,26496000,2022-03-01
2022-03-02,133.35899498471252,133.98750520472257,131.81716337457922,133.3030242919922,23520000,2022-03-02
2022-03-03,134.7279858951449,135.15344184945275,131.77162022031976,132.63739013671875,24604000,2022-03-03
2022-03-04,131.67451892195976,132.5898052248612,129.10892100654087,130.6631317138672,30430000,2022-03-04
2022-03-07,130.24859827584922,130.49326412434095,125.10453924382728,125.187255859375,45112000,2022-03-07
2022-03-08,125.05997251114222,130.0128427096033,124.48989666762061,125.90641784667969,40428000,2022-03-08
2022-03-09,130.01284022199468,132.47491606181063,128.67605804169412,132.16238403320312,37026000,2022-03-09
2022-03-10,130.02868267785485,132.01577069786407,129.6785144341432,131.18121337890625,27102000,2022-03-10
2022-03-11,132.23020887639814,132.53432181198187,128.40957095625032,128.6463165283203,31526000,2022-03-11
2022-03-14,129.0222518662793,129.179749732327,124.09414817213414,124.7637710571289,38812000,2022-03-14
2022-03-15,125.7791157667184,128.63049231232975,124.53544938703808,127.98017120361328,30920000,2022-03-15
2022-03-16,129.50072753440998,132.07621116573054,127.52106056963687,132.0242156982422,35576000,2022-03-16
2022-03-17,131.89393987458052,132.81666282246127,130.93902206243152,132.5774383544922,28264000,2022-03-17
2022-03-18,132.16683250009095,134.9597594793248,131.01182292044092,134.84237670898438,44566000,2022-03-18
2022-03-21,134.88003086032697,135.75817985549534,132.82855279964977,134.81861877441406,26832000,2022-03-21
2022-03-22,134.81861439453007,139.72047161209517,134.81861439453007,138.5496063232422,35496000,2022-03-22
2022-03-23,137.3950839488176,138.27273404848066,136.5357682945328,136.97210693359375,25154000,2022-03-23
2022-03-24,137.88788310151517,140.28408764030888,136.4520527709941,140.23753356933594,26396000,2022-03-24
2022-03-25,140.5783217372553,140.69620332619124,138.42035860706088,140.33761596679688,24126000,2022-03-25
2022-03-28,139.57238537233414,140.66400300337222,138.4936456884533,140.12216186523438,35050000,2022-03-28
2022-03-29,141.3029063704736,142.43810026531608,140.6996381193691,141.1622314453125,34318000,2022-03-29
2022-03-30,141.11718519835287,141.37522780253792,140.26529091446844,140.60060119628906,19884000,2022-03-30
2022-03-31,140.71400046777697,140.7684898968639,137.71405887609035,137.75665283203125,37524000,2022-03-31
2022-04-01,138.18508660352754,139.1469271597936,137.00382215545176,138.82945251464844,25942000,2022-04-01
2022-04-04,139.03549416177395,142.35738462904985,138.98794249570614,141.6238555908203,25942000,2022-04-04
2022-04-05,141.52232030143693,141.64266561089818,139.05926203677285,139.2657928466797,21418000,2022-04-05
2022-04-06,137.44213448492033,138.0468839879228,134.23960723680352,135.26089477539062,32468000,2022-04-06
2022-04-07,134.72798082207154,135.87160904442194,132.9622812413239,134.60763549804688,26234000,2022-04-07
2022-04-08,134.30547574358152,134.39116244363444,131.71215695928404,132.0311279296875,25142000,2022-04-08
2022-04-11,130.58094467179382,130.84740631992602,127.45568463788922,127.60922241210938,36884000,2022-04-11
2022-04-12,130.3595311417207,130.3595311417207,125.59387551914733,126.51065063476562,32710000,2022-04-12
2022-04-13,126.79347231964165,129.10547167871107,126.53691099276196,128.66961669921875,27928000,2022-04-13
2022-04-14,129.24961528064816,129.24961528064816,125.40766436187617,125.53545379638672,31598000,2022-04-14
2022-04-18,125.80290070747127,127.00396566233613,124.99261037205467,126.4730224609375,20808000,2022-04-18
2022-04-19,126.4878787188869,129.10447476049856,125.80240017548964,128.78353881835938,26490000,2022-04-19
2022-04-20,129.65820601853372,130.16043076840108,126.29818081475312,126.83308410644531,31696000,2022-04-20
2022-04-21,128.03169266207186,128.87219024780205,123.35271317406067,123.63800048828125,36446000,2022-04-21
2022-04-22,123.8217565690258,124.21996776137067,117.80402222276324,118.50782012939453,56884000,2022-04-22
2022-04-25,117.9783448116081,122.1154753014406,117.39390981440351,121.91389465332031,46128000,2022-04-25
2022-04-26,121.14174844683173,121.35521701263318,117.39391123323827,117.53160095214844,73054000,2022-04-26
2022-04-27,113.39050136160769,116.13686670418976,111.67384258767316,113.21715545654297,91820000,2022-04-27
2022-04-28,115.31768608784513,118.5216951491602,113.03936260858708,117.40531921386719,48884000,2022-04-28
2022-04-29,115.63416187311658,116.80848848076448,112.74168750254856,113.03390502929688,42676000,2022-04-29
2022-05-02,112.33603962239242,115.64505184129835,111.53862727592032,115.48408508300781,35534000,2022-05-02
2022-05-03,115.33301749852883,117.32556209419245,114.94075408048792,116.2280044555664,24968000,2022-05-03
2022-05-04,115.92836716829281,121.69647785121755,114.03091818678884,121.10857391357422,49916000,2022-05-04
2022-05-05,119.07096543975983,119.8980938644429,113.92146466993306,115.4073257446289,45840000,2022-05-05
2022-05-06,114.09877271953016,116.46327388916288,112.94079298131821,114.65547180175781,39710000,2022-05-06
2022-05-09,112.18250256559926,113.99228466247091,110.9447838916454,111.45046997070312,40802000,2022-05-09
2022-05-10,114.41871263624597,115.15421404762351,111.83628428291259,113.31669616699219,39900000,2022-05-10
2022-05-11,112.16912984325442,115.26764350397949,112.16912984325442,112.53167724609375,37534000,2022-05-11
2022-05-12,110.32765836329241,113.21765378291165,108.7892955470922,111.78033447265625,53836000,2022-05-12
2022-05-13,113.4534212430167,116.76392274694363,112.53417463953566,114.95661926269531,35038000,2022-05-13
2022-05-16,113.87192754882359,115.07498009851662,112.8159813449991,113.36624145507812,25990000,2022-05-16
2022-05-17,115.73916596158637,115.79810674936266,113.78724265802168,115.37512969970703,23054000,2022-05-17
2022-05-18,113.91602657986617,114.31225774903147,110.50399019175259,110.8447494506836,35126000,2022-05-18
2022-05-19,110.38115567097562,111.94477566233903,108.96314565159634,109.3435287475586,34144000,2022-05-19
2022-05-20,110.89574757041693,111.12606177172583,104.79926453382097,107.88143157958984,48962000,2022-05-20
2022-05-23,108.55452759041016,111.09039456188339,107.71600254425863,110.4371109008789,37184000,2022-05-23
2022-05-24,104.77499864935818,105.45502825992726,100.92413760249049,104.97113037109375,76780000,2022-05-24
2022-05-25,103.99590668358864,105.49613450260898,102.87755077701198,104.80768585205078,40258000,2022-05-25
2022-05-26,104.68089790507406,107.62537539755519,104.23315497933007,106.77645874023438,37948000,2022-05-26
2022-05-27,108.45101725108991,111.25929369416936,108.1097592407956,111.25780487060547,37914000,2022-05-27
2022-05-31,111.68374363227105,114.64407635149765,111.02204096124585,112.6896743774414,50012000,2022-05-31
2022-06-01,113.77237869617002,115.99770128554901,112.18250412043044,112.81845092773438,36606000,2022-06-01
2022-06-02,112.92541967913894,116.78816043869088,111.88185278119627,116.5137710571289,37992000,2022-06-02
2022-06-03,114.96849217131312,115.22505349151253,112.44847324423242,113.46133422851562,26136000,2022-06-03
2022-06-06,115.60443361954869,118.22202704560443,115.06903155383779,115.71934509277344,33542000,2022-06-06
2022-06-07,114.39196811675437,116.58163431450122,113.96750986238311,116.04523468017578,31590000,2022-06-07
2022-06-08,115.66091419510431,117.45286840813779,115.50093744683771,116.08934020996094,26108000,2022-06-08
2022-06-09,115.23100027011895,117.1839211487703,113.69412622919633,113.75306701660156,25798000,2022-06-09
2022-06-10,111.38508794278529,112.21122625756998,109.3256823347158,110.11368560791016,41452000,2022-06-10
2022-06-13,105.77993182097117,107.76603001416353,105.11872789354983,105.3896484375,47252000,2022-06-13
2022-06-14,105.53079987627487,106.90719827486238,104.80272741507743,105.7095947265625,33706000,2022-06-14
2022-06-15,107.52184065491633,110.37320946036265,106.65459726842849,108.72985076904297,39698000,2022-06-15
2022-06-16,106.21033370451282,107.62437594926033,104.14696791638478,105.03402709960938,51684000,2022-06-16
2022-06-17,105.03402250297012,107.67489298903801,104.05582771449916,106.13356018066406,51376000,2022-06-17
2022-06-21,107.90271913799603,111.42916744939824,107.57632672264717,110.4925765991211,47416000,2022-06-21
2022-06-22,109.51439089534087,112.27808553314208,109.34202746291359,110.43661499023438,30774000,2022-06-22
2022-06-23,111.17360664482932,111.6797915400438,109.45892779579324,111.18400573730469,28362000,2022-06-23
2022-06-24,111.92992136699813,116.96599964840753,111.88781864312742,116.86297607421875,41164000,2022-06-24
2022-06-27,117.15816533978835,117.46177198860401,114.09381876102695,114.74166107177734,36420000,2022-06-27
2022-06-28,114.71094784953131,116.20374667239821,110.7937245115218,110.95172119140625,35792000,2022-06-28
2022-06-29,110.50051652384064,112.0938524988512,109.82741711494367,110.64860534667969,24716000,2022-06-29
2022-06-30,108.9631408714663,109.84277107418012,105.74377534571843,107.9359130859375,43170000,2022-06-30
2022-07-01,106.91561856393403,108.22020580753811,105.72445397417482,107.71253967285156,35476000,2022-07-01
2022-07-05,106.09097052516007,112.30830502629904,104.73487148190064,112.19538116455078,39342000,2022-07-05
2022-07-06,112.23402443600865,114.49996109393334,110.42523220637499,113.49205017089844,37432000,2022-07-06
2022-07-07,113.99526196361097,118.06602306558507,113.75108733780583,117.6633529663086,40936000,2022-07-07
2022-07-08,116.14480464976064,118.55684998677997,115.7995865179468,118.22847747802734,38238000,2022-07-08
2022-07-11,116.88574836577106,116.88574836577106,114.24338897628644,114.58612823486328,31196000,2022-07-11
2022-07-12,115.11954274225738,115.87139099638682,112.61834967810978,112.94573211669922,29960000,2022-07-12
2022-07-13,110.64810696160987,113.11959190510474,110.15331873670166,110.30388641357422,43722000,2022-07-13
2022-07-14,109.17164589361674,110.04582704595953,107.35146486608174,109.32716369628906,37004000,2022-07-14
2022-07-15,110.9447897246164,112.0740435098507,109.85466101364264,110.72388458251953,46770000,2022-07-15
2022-07-18,111.57826967036203,112.60846767496888,107.34852145025161,108.0022964477539,43164600,2022-07-18
2022-07-19,109.80512272878235,112.94524039032943,108.52728140447425,112.73722076416016,36530900,2022-07-19
2022-07-20,112.10324795723943,114.3122311092459,111.41975709613077,112.82637023925781,35600400,2022-07-20
2022-07-21,113.20279789657461,113.47025711440008,110.06268006419117,113.2622299194336,32676200,2022-07-21
2022-07-22,109.95371241453788,111.28107792780779,105.49612947881336,106.8829345703125,48901200,2022-07-22
2022-07-25,107.38813835101456,108.83437558355239,105.29802646271146,106.49662017822266,34690900,2022-07-25
2022-07-26,105.5951837606774,106.18952663157644,103.08903282410867,104.03007507324219,47991000,2022-07-26
2022-07-27,108.23011657455983,112.83628715279444,106.99189908350105,111.99429321289062,59858500,2022-07-27
2022-07-28,111.3108110624492,113.26223563374616,110.40938503038234,113.14337158203125,32816600,2022-07-28
2022-07-29,112.01410659400565,115.60988739252207,111.99429088237237,115.22356414794922,37223400,2022-07-29
2022-08-01,114.21318346288767,115.61979670741562,113.26222578696031,113.77732849121094,26034300,2022-08-01
2022-08-02,112.92543862061498,115.25328606314042,112.64807910337518,114.04478454589844,20236000,2022-08-02
2022-08-03,114.61931687482497,117.50189084849441,114.39148908653323,116.96697998046875,28499000,2022-08-03
2022-08-04,116.37264394653926,117.66038569063144,115.78820132098609,117.0759506225586,21602900,2022-08-04
2022-08-05,115.1344147097478,116.99669103407605,114.90657937362977,116.36272430419922,19159500,2022-08-05
2022-08-08,117.27406569542369,119.01747820672087,115.77829670617234,116.19434356689453,19138300,2022-08-08
2022-08-09,116.0358421530729,116.21414578212966,114.61932097708862,115.53064727783203,19086500,2022-08-09
2022-08-10,117.66038238300267,119.78021020816774,117.29387482772803,118.57170867919922,30930400,2022-08-10
2022-08-11,120.1368212493172,120.34484089581902,117.44245858656527,117.71981811523438,24293700,2022-08-11
2022-08-12,119.1264296615191,120.53304290771484,118.33396744979994,120.53304290771484,19096300,2022-08-12
2022-08-15,119.98822567992796,121.14720300149365,119.47313052616087,120.92927551269531,19494800,2022-08-15
2022-08-16,120.37454519947742,121.27597113744898,119.50284282881232,120.55284881591797,19041200,2022-08-16
2022-08-17,118.98776077131538,120.14673062684432,118.25473051343378,118.42313385009766,22847000,2022-08-17
2022-08-18,118.30426215122462,119.68115951171039,117.60095546444617,119.03728485107422,17987700,2022-08-18
2022-08-19,117.9377392404507,118.02689483126161,115.65942355139303,116.10517883300781,21809500,2022-08-19
2022-08-22,114.11413536597259,114.54008253899451,112.77686181822305,113.1631851196289,21456600,2022-08-22
2022-08-23,112.41033541234246,113.92591234989574,112.36080369174447,112.78675079345703,15870400,2022-08-23
2022-08-24,112.43015856175212,113.69809218038822,111.80609960937106,112.61837005615234,17734600,2022-08-24
2022-08-25,113.16316633053552,115.61979306048023,113.03439443727451,115.55045318603516,16956800,2022-08-25
2022-08-26,113.63864552506944,114.03487661925666,109.15134671028687,109.2999267578125,37245700,2022-08-26
2022-08-29,108.95323007744102,109.90418019250721,107.77445217888464,108.38860321044922,21191200,2022-08-29
2022-08-30,109.13152576057584,109.45841696440027,106.78387043260568,107.91312408447266,27513300,2022-08-30
2022-08-31,109.60701580275753,109.80512758191875,107.11076506343836,107.19992065429688,28627000,2022-08-31
2022-09-01,107.25935215267644,109.40889593174482,106.34802588101795,108.7055892944336,28360900,2022-09-01
2022-09-02,109.54756736557177,109.69615496666863,106.24896192011391,106.8333969116211,24160700,2022-09-02
2022-09-06,106.28859410286454,107.01170889666186,104.7829173782116,105.80320739746094,25068300,2022-09-06
2022-09-07,106.05085594393181,108.94333792914485,105.8923680249707,108.41832733154297,23167000,2022-09-07
2022-09-08,107.02162214412529,108.56691525636909,106.14991969368934,107.35841369628906,24238300,2022-09-08
2022-09-09,108.04190122135259,109.94380140559007,107.99236950049534,109.60700988769531,23197700,2022-09-09
2022-09-12,109.94381249512503,110.56787898796314,108.89380641286198,109.8150405883789,22966800,2022-09-12
2022-09-13,106.78387833563288,107.2791653268789,103.10884221000528,103.33667755126953,38172900,2022-09-13
2022-09-14,103.58432964430956,104.28763632335523,102.68291117531426,104.0102767944336,26395100,2022-09-14
2022-09-15,103.04941765722538,104.27772736843421,101.38525294374102,101.93997955322266,34188300,2022-09-15
2022-09-16,101.10789415037412,102.15790023712232,99.98854818162332,101.83101654052734,42797200,2022-09-16
2022-09-19,100.79090754857049,102.3560163297047,100.59279576557026,102.09846496582031,23036800,2022-09-19
2022-09-20,101.11778740955236,101.40505475280146,99.57248695767865,100.1866455078125,26517100,2022-09-20
2022-09-21,100.71165611559576,101.91024974095512,98.33427701945793,98.34418487548828,31487300,2022-09-21
2022-09-22,97.88852564747053,100.28571299374859,97.8588096356747,99.19608306884766,34298600,2022-09-22
2022-09-23,98.6908830045893,98.72060657230172,96.55124713555664,97.80927276611328,31625400,2022-09-23
2022-09-26,97.17532716176933,98.9385480222809,96.87815943731849,97.24466705322266,27072700,2022-09-26
2022-09-27,98.49277122014274,99.0573980869391,95.95690424751061,96.58096313476562,30072800,2022-09-27
2022-09-28,96.72955443737825,99.75080065991985,96.19464356038361,99.10693359375,32466300,2022-09-28
2022-09-29,97.71022581973406,97.71022581973406,95.05548700550042,96.50172424316406,31047200,2022-09-29
2022-09-30,96.13521832147143,97.96777887388245,94.65925748807376,94.7484130859375,32941500,2022-09-30
2022-10-03,95.84794390746448,98.35409495883162,95.61020070223094,97.71022033691406,27982000,2022-10-03
2022-10-04,99.4932599642057,100.88005758771709,99.43382038214075,100.68194580078125,28850800,2022-10-04
2022-10-05,98.88901332468096,100.96921740441856,97.86872322008227,100.47393035888672,22176900,2022-10-05
2022-10-06,99.73098951026391,101.95978098541211,99.6418339213685,100.4640121459961,22324000,2022-10-06
2022-10-07,98.90880951525219,99.58240011798391,97.37342439434227,97.74983978271484,27502800,2022-10-07
2022-10-10,98.06681465997583,98.16587053702547,96.09557474401589,96.93756103515625,18225100,2022-10-10
2022-10-11,96.51162818804231,98.31447262301143,95.40218255210743,96.26398468017578,26507100,2022-10-11
2022-10-12,96.3828523219572,97.81918158553775,95.82812574805676,96.64039611816406,21876400,2022-10-12
2022-10-13,94.25311840728581,98.83947334531618,93.49037218865715,98.12625885009766,34574500,2022-10-13
2022-10-14,99.04749527967141,99.74090163611203,95.4616221229326,95.64982604980469,25410700,2022-10-14
2022-10-17,97.92814929391774,99.97863723546732,97.89843328218922,99.0276870727539,28419200,2022-10-17
2022-10-18,102.15788442225929,102.49468348090441,99.0276748025341,99.82012939453125,24060700,2022-10-18
2022-10-19,99.06731041769221,100.06778474217612,97.98758079988396,98.69088745117188,23811100,2022-10-19
2022-10-20,99.05740308448243,101.35553453374322,98.45315232106869,99.0276870727539,25323200,2022-10-20
2022-10-21,96.92766115141708,100.35504617005535,96.79888925641042,100.17674255371094,32458700,2022-10-21
2022-10-24,100.84042777161125,101.78146996975107,99.03758354500583,101.55363464355469,27176400,2022-10-24
2022-10-25,101.930061923768,103.83196211183454,101.75175830879428,103.49517059326172,40611400,2022-10-25
2022-10-26,95.52105546451727,97.38333194848032,93.79745874225998,94.03519439697266,88114100,2022-10-26
2022-10-27,93.62904644695233,94.53047236921812,90.9346916507101,91.3507308959961,60710900,2022-10-27
2022-10-28,91.40025834019883,95.63992134750747,91.2615785867917,95.38236999511719,43697300,2022-10-28
2022-10-31,94.52058204516372,95.1248328714554,93.09416043140119,93.6191635131836,31675000,2022-10-31
2022-11-01,94.55027964071681,95.12481434026306,89.51816976437351,89.61722564697266,47161400,2022-11-01
2022-11-02,90.0827948258783,90.32053045090788,86.06105956611515,86.15021514892578,57038300,2022-11-02
2022-11-03,85.50634332478795,85.70445509240571,82.55442961941449,82.64358520507812,61288000,2022-11-03
2022-11-04,84.5950155815513,85.8233251451628,82.92094321259124,85.7638931274414,51124900,2022-11-04
2022-11-07,86.45730530667177,88.06203805206351,86.03135814596484,87.65589904785156,34078900,2022-11-07
2022-11-08,88.0620346069336,89.46864794494398,86.7643774616038,88.0620346069336,30429000,2022-11-08
2022-11-09,87.616271304768,88.59694505123552,86.4573014852848,86.4969253540039,31769100,2022-11-09
2022-11-10,91.38043976059588,93.50026724366884,90.74647308663829,93.05451202392578,51620100,2022-11-10
2022-11-11,93.79745509098437,96.01633874938153,93.03470887381417,95.5012435913086,33090500,2022-11-11
2022-11-14,94.19368469847873,95.87766515214163,93.61915748150425,94.79793548583984,30179500,2022-11-14
2022-11-15,97.33380422522976,99.19608064116606,95.79841148852762,97.5121078491211,41640800,2022-11-15
2022-11-16,96.9772010829533,98.70079781521773,96.71964971365578,97.91824340820312,29105200,2022-11-16
2022-11-17,96.0559715648573,98.34419531457297,95.87766792478331,97.43286895751953,26052600,2022-11-17
2022-11-18,97.8389927582132,97.96777221776902,95.46162115308442,96.51162719726562,28342300,2022-11-18
2022-11-21,96.37294795051915,97.47248572459458,94.4611397769671,94.6988754272461,21647400,2022-11-21
2022-11-22,95.0455707019559,96.30360389329707,93.16348617912884,96.13520812988281,23438500,2022-11-22
2022-11-23,96.17481715253768,97.8290813234833,96.17481715253768,97.53190612792969,18868100,2022-11-23
2022-11-25,97.31399022022332,97.71022134220922,96.48191166578498,96.54134368896484,9701400,2022-11-25
2022-11-28,96.1253119375641,96.66022286050219,94.70879066686162,95.14464569091797,26237500,2022-11-28
2022-11-29,94.82765839860214,95.21398167866465,93.22292569547149,94.2927474975586,20061700,2022-11-29
2022-11-30,93.92622347217593,100.08759477077614,93.52999237293703,100.0380630493164,43647500,2022-11-30
2022-12-01,100.06777905920039,101.28618836680111,99.30504042808617,100.0380630493164,28687100,2022-12-01
2022-12-02,98.11635835101946,99.82013929364201,97.96777073857241,99.49325561523438,21480700,2022-12-02
2022-12-05,98.46305725876209,100.42438954950684,98.0668261466735,98.54230499267578,24405100,2022-12-05
2022-12-06,98.3640036262318,98.83947492565986,95.51114559974337,96.06587219238281,24910700,2022-12-06
2022-12-07,95.50122683550975,95.96679018858364,93.82715463990071,94.04508209228516,31045400,2022-12-07
2022-12-08,94.48093971104322,94.67905903360328,92.56913170384522,92.8266830444336,32213300,2022-12-08
2022-12-09,92.88611328995704,93.3714999528572,91.87573121535932,91.9549789428711,28225400,2022-12-09
2022-12-12,91.83610001615222,92.67808627064281,90.74647030107741,92.4304428100586,29420000,2022-12-12
2022-12-13,96.8385038443359,98.59181627251274,94.13423384844269,94.72857666015625,40593700,2022-12-13
2022-12-14,94.30264580617633,95.95691020054102,92.71772884995525,94.17387390136719,28733600,2022-12-14
2022-12-15,92.25214715887117,92.75734197805329,89.16156134147303,90.00354766845703,40107000,2022-12-15
2022-12-16,89.904497198702,90.46912406913405,88.67618001312934,89.40921020507812,58011800,2022-12-16
2022-12-19,89.40920565184058,89.70637329839354,87.37852605840477,87.60636138916016,29493000,2022-12-19
2022-12-20,87.27948209800233,88.33939605285829,86.61579928348552,88.18090057373047,23453800,2022-12-20
2022-12-21,88.24033160326711,89.36958533140333,87.48749326534973,88.7356185913086,24745600,2022-12-21
2022-12-22,87.32901618522953,87.70543162211254,85.50635591339253,86.93278503417969,27658300,2022-12-22
2022-12-23,86.28890398968787,88.70590703096771,86.24928012175934,88.38892364501953,23003000,2022-12-23
2022-12-27,87.96298201216858,88.10166177985037,86.18985348825937,86.56626892089844,20097300,2022-12-27
2022-12-28,86.16013283342589,87.21013889144778,85.12993493079983,85.20917510986328,19523200,2022-12-28
2022-12-29,85.80351972764441,88.01249544149027,85.79361187188182,87.61626434326172,23333500,2022-12-29
2022-12-30,86.16013598837714,87.46769345930478,85.75399699182971,87.39835357666016,23986300,2022-12-30
2023-01-03,88.7455240800291,90.19176882027702,87.68561016592967,88.27996063232422,28131200,2023-01-03
2023-01-04,89.49836324025155,89.79553847603304,86.44739337515158,87.24976348876953,34854800,2023-01-04
2023-01-05,86.64551498875126,86.74457088411417,85.0903140033644,85.38748168945312,27194400,2023-01-05
2023-01-06,85.97191250445123,86.86343055515435,84.06010451251869,86.5167236328125,41381500,2023-01-06
2023-01-09,87.52712197637781,89.20119450702028,87.03183496091958,87.19032287597656,29003900,2023-01-09
2023-01-10,85.16955994373511,87.83419899287388,85.02097232508895,87.58655548095703,30467800,2023-01-10
2023-01-11,88.33939373373373,90.7365811115069,88.17099795969153,90.65733337402344,26862000,2023-01-11
2023-01-12,90.61770300207336,91.00402621551116,88.90400684293,90.27099609375,30258100,2023-01-12
2023-01-13,89.9936452702405,91.32101834363606,89.28043078990615,91.25167846679688,26329200,2023-01-13
2023-01-17,91.19225076852265,91.38046226909674,89.20120223526506,90.42951202392578,32602400,2023-01-17
2023-01-18,91.27149058446429,91.92527307231936,89.78562953840836,90.2611083984375,29116700,2023-01-18
2023-01-19,89.86487339203985,92.72763161249016,89.77571780323882,92.17291259765625,37000400,2023-01-19
2023-01-20,94.20358739410928,97.37342877925906,94.12433965904754,97.09606170654297,63191100,2023-01-20
2023-01-23,97.02672788966429,99.09703164198855,96.58097257768254,98.8493881225586,40005100,2023-01-23
2023-01-24,97.17530672932803,98.6710755675798,96.28378862846672,96.7790756225586,33078500,2023-01-24
2023-01-25,94.66914808677848,95.253590622397,92.87621173166306,94.32244873046875,42330000,2023-01-25
2023-01-26,95.59040203045797,96.65031603046536,94.480956301743,96.60078430175781,30114000,2023-01-26
2023-01-27,96.39274691143376,99.37437656306163,96.39274691143376,98.43333435058594,33879800,2023-01-27
2023-01-30,96.56116365118157,97.36352622934069,95.49134184198249,96.02625274658203,27226200,2023-01-30
2023-01-31,95.95690834730202,97.94795669253232,95.9073766231504,97.90833282470703,29870700,2023-01-31
2023-02-01,97.77954907961451,100.23617568488253,96.66020328967222,99.48333740234375,35531100,2023-02-01
2023-02-02,104.80272559946398,106.83339763663767,104.61451413296538,106.72443389892578,69883800,2023-02-02
2023-02-03,101.95979772942098,106.7937968686749,101.61309828784721,103.7923583984375,65309300,2023-02-03
2023-02-06,101.43477436351553,103.37629840573868,100.91967167543784,101.93006134033203,31999600,2023-02-06
2023-02-07,102.24705365455104,107.16029998780995,102.14799776201166,106.6253890991211,49010200,2023-02-07
2023-02-08,101.08807279083534,102.16779474920261,97.11586920713648,98.43333435058594,94743500,2023-02-08
2023-02-09,99.05740322268637,99.08711923445635,92.7474439167084,94.11444091796875,119455000,2023-02-09
2023-02-10,94.55028362184048,95.83803282228948,93.36159786564117,93.67858123779297,54980700,2023-02-10
2023-02-13,93.84698021445055,94.30264335517856,92.95546208803488,93.71820831298828,50076100,2023-02-13
2023-02-14,93.5399083660003,93.95594765552765,91.3903644792954,93.78755187988281,54726100,2023-02-14
2023-02-15,93.5993417410389,96.20455638144854,93.26255018489125,96.02625274658203,50169000,2023-02-15
2023-02-16,94.47103857692892,96.7592619405205,93.84697216323715,94.6097183227539,42462600,2023-02-16
2023-02-17,93.95593454164323,94.65924111600802,92.3313939219174,93.46064758300781,34284100,2023-02-17
2023-02-21,92.12338307581045,92.22243896547124,90.85544955020039,90.92478942871094,33629300,2023-02-21
2023-02-22,90.83563409054463,91.24177306400797,89.75591204252156,90.7861099243164,30884000,2023-02-22
2023-02-23,91.05357724944679,91.07339296533152,88.91394094025303,90.03328704833984,41206400,2023-02-23
2023-02-24,88.59693902936208,89.04269429656404,87.7450448035044,88.28985595703125,36585100,2023-02-24
2023-02-27,89.02288818359375,89.31015555075885,88.49787761482176,89.02288818359375,27502300,2023-02-27
2023-02-28,88.48798288330664,90.37007511496472,88.47807502657972,89.21109771728516,30142000,2023-02-28
2023-03-01,89.1318396570481,90.17193768033303,88.82475661995356,89.50825500488281,31111200,2023-03-01
2023-03-02,88.81485054710546,91.41014906665583,88.74550312591727,91.1327896118164,32204400,2023-03-02
2023-03-03,91.6082879107454,92.84650542514655,91.57856434211662,92.76725769042969,35160100,2023-03-03
2023-03-06,93.13375400124997,95.06537762515192,93.1139458487006,94.23329162597656,32639300,2023-03-06
2023-03-07,94.08472641631292,94.76821737043342,92.64838951204187,92.97528076171875,27835500,2023-03-07
2023-03-08,93.23282326049596,95.05547570805707,93.11395166533696,93.3615951538086,34103300,2023-03-08
2023-03-09,93.16348729195221,94.62953257298054,91.0337516903099,91.44979095458984,28813500,2023-03-09
2023-03-10,91.3012113113228,91.91536996276953,89.54789851172045,89.77572631835938,35941000,2023-03-10
2023-03-13,89.24080055798404,91.6974271975187,88.57711784736642,90.25119018554688,37335600,2023-03-13
2023-03-14,91.68752323511042,93.47055938446682,91.56865919680635,93.08423614501953,36050200,2023-03-14
2023-03-15,92.34130529029962,96.01633375629301,91.7667705826294,95.20406341552734,50622100,2023-03-15
2023-03-16,95.29322179021432,100.2361918035118,94.59982296945131,99.3743896484375,65492000,2023-03-16
2023-03-17,99.31495102310215,101.87062619084857,99.15645555604324,100.6621322631836,61028500,2023-03-17
2023-03-20,99.17626224311441,100.79089499007621,98.92861876648033,100.2658920288086,32960400,2023-03-20
2023-03-21,100.29562522714755,104.10933390947386,100.2659092140549,103.9310302734375,42110300,2023-03-21
2023-03-22,103.28714037398593,105.58527158969119,102.35600601870802,102.3956298828125,43427400,2023-03-22
2023-03-23,104.06970338391277,105.29802060137733,103.47536048762859,104.6046142578125,40797800,2023-03-23
2023-03-24,104.00035839739058,104.49564537954834,102.86119682693183,104.44612121582031,30393300,2023-03-24
2023-03-27,103.63384492804329,103.77252467050126,100.96919869835409,101.49420166015625,31120900,2023-03-27
2023-03-28,101.474403093689,101.48430339231476,98.79984875616225,100.07769012451172,32057900,2023-03-28
2023-03-29,101.31590589564402,101.52392552543023,99.70127302207695,100.43429565429688,28779600,2023-03-29
2023-03-30,99.95882633237822,100.20646983328197,98.83947287150617,99.93901062011719,33086200,2023-03-30
2023-03-31,100.34514049955757,102.9107233089301,100.08758916585326,102.75223541259766,36863400,2023-03-31
2023-04-03,101.42487261118261,103.54470039492068,100.96920947198919,103.37630462646484,25035400,2023-04-03
2023-04-04,103.34659450306941,104.58481209016414,103.05932711596579,103.73291778564453,24420100,2023-04-04
2023-04-05,104.78290171879074,105.09988505174357,102.6828899720327,103.4852523803711,28290500,2023-04-05
2023-04-06,104.26781577027593,108.14095597289517,103.34658169732893,107.39802551269531,48711500,2023-04-06
2023-04-10,105.9716174482436,106.57586067871368,104.12914907145701,105.43670654296875,27067400,2023-04-10
2023-04-11,105.54566510200387,105.72396872832205,103.69328895955833,104.35697174072266,26311800,2023-04-11
2023-04-12,105.57537962995973,105.74377539759396,103.35648840973943,103.6536636352539,24370300,2023-04-12
2023-04-13,104.84234942454029,106.47679804994421,104.84234942454029,106.41736602783203,24843600,2023-04-13
2023-04-14,105.8824559006008,107.9131356551454,105.83292417683923,107.84379577636719,26578000,2023-04-14
2023-04-17,103.67348082004237,105.15934185375801,103.53479350401396,104.97113037109375,37571200,2023-04-17
2023-04-18,105.4862165216186,105.53574824150101,103.08902940590605,103.51497650146484,26596400,2023-04-18
2023-04-19,102.60366275289918,103.9904679457502,102.09846786716825,103.19800567626953,20905700,2023-04-19
2023-04-20,102.93053428099542,105.24847350519047,102.89091041936659,104.29752349853516,27820800,2023-04-20
2023-04-21,104.47585201078634,105.0008550769743,103.7923534602877,104.41641998291016,25800100,2023-04-21
2023-04-24,104.49565151501353,105.62490529603902,103.71309713035903,104.97113037109375,23542800,2023-04-24
2023-04-25,104.83244886590656,105.68434311564164,102.86120115263496,102.87110900878906,46664100,2023-04-25
2023-04-26,103.9310154292547,105.34753645837012,101.66260021158149,102.732421875,53347600,2023-04-26
2023-04-27,103.4654497314898,107.34850549717122,102.56403133484429,106.57585144042969,50089200,2023-04-27
2023-04-28,106.03103365145822,106.338109149272,104.09940996663532,106.32820129394531,36139800,2023-04-28
2023-05-01,105.83292217554937,106.97208378320418,105.8131140209073,106.18952941894531,26681700,2023-05-01
2023-05-02,106.13009965906194,106.18953168173442,102.7324304758186,104.32725524902344,30997200,2023-05-02
2023-05-03,104.53528403866251,106.47680837658436,103.97065710139688,104.41641998291016,21795400,2023-05-03
2023-05-04,104.49564832384382,104.6046120675871,102.98997918095117,103.70319366455078,23419500,2023-05-04
2023-05-05,103.83196725980174,104.88197329032847,103.1286606207244,104.57489776611328,26639300,2023-05-05
2023-05-08,104.18856750875773,106.94236185797475,104.16875935521117,106.754150390625,26511400,2023-05-08
2023-05-09,107.36832509756348,109.11173761347172,106.17963921159183,106.33812713623047,36360100,2023-05-09
2023-05-10,106.95227902689095,111.87543315591678,106.91265515886795,110.69664764404297,63153400,2023-05-10
2023-05-11,114.31224449393545,116.80848772250684,113.33157832101242,115.4712142944336,78900000,2023-05-11
2023-05-12,115.58018073153592,116.91745419072438,115.01555382399056,116.40235900878906,41102300,2023-05-12
2023-05-15,115.0155501911109,117.36321334174113,114.91649430049983,115.41178131103516,36266800,2023-05-15
2023-05-16,115.39195403994484,119.61180106311025,115.33252202302734,118.38349151611328,45035600,2023-05-16
2023-05-17,118.48255646699654,120.52313648382196,117.76934197947081,119.70095825195312,33323600,2023-05-17
2023-05-18,119.80993418093625,122.14768965780648,119.69107012591341,121.6722183227539,35234200,2023-05-18
2023-05-19,122.38543685530439,124.782624437496,120.99863156100582,121.6028823852539,41353400,2023-05-19
2023-05-22,121.78118019432495,125.23828162823854,121.58306084321728,123.87129211425781,35253000,2023-05-22
2023-05-23,122.98967145510028,123.45523488676992,121.05804762080852,121.40474700927734,34046300,2023-05-23
2023-05-24,119.97833399859127,120.76088842026384,118.73020855513421,119.76040649414062,34182600,2023-05-24
2023-05-25,123.34625308575156,124.13871519265595,120.8103864356235,122.3160629272461,42317000,2023-05-25
2023-05-26,122.00900338994037,124.07930707525598,121.29578886786955,123.43543243408203,35635900,2023-05-26
2023-05-30,124.45571200504449,124.47552771647686,120.85002338726862,122.50428009033203,35076700,2023-05-30
2023-05-31,121.59295853842984,122.89060806044641,121.34531503835157,121.71183013916016,37325800,2023-05-31
2023-06-01,121.66230720225732,123.24722420572046,121.46419541087958,122.55382537841797,30772700,2023-06-01
2023-06-02,122.82127475890255,124.96091834173134,122.59344695882075,123.49486541748047,26980100,2023-06-02
2023-06-05,122.8410870558176,126.2288484102657,122.67268372774639,124.82223510742188,32305500,2023-06-05
2023-06-06,124.82222846227405,127.08072835419054,124.17835386828453,126.10997009277344,26638300,2023-06-06
2023-06-07,125.7731809795302,127.82366128329055,120.9688986295934,121.3453140258789,52539000,2023-06-07
2023-06-08,121.07786408652909,122.06843809259337,120.0971903791399,120.98870849609375,29389200,2023-06-08
2023-06-09,121.09767375566376,122.59344263961952,120.76088221698073,121.07786560058594,23778300,2023-06-09
2023-06-12,121.63258482252455,122.88071020381717,120.51323890061894,122.47457122802734,28306400,2023-06-12
2023-06-13,123.80193467786927,123.9802382898457,122.0188985581049,122.66277313232422,22278300,2023-06-13
2023-06-14,121.9396532341825,122.88070303275143,120.30520468507189,122.50428009033203,30592300,2023-06-14
2023-06-15,121.97928005124778,124.27741139684176,121.2462574175831,123.91089630126953,35246300,2023-06-15
2023-06-16,124.742979611465,124.92128322731656,122.11795709489255,122.3656005859375,45535600,2023-06-16
2023-06-20,121.77126335074871,123.39580412253898,120.98870897595658,121.93965911865234,26097500,2023-06-20
2023-06-21,121.24625664021467,121.50380799105953,118.96793346366026,119.4136962890625,30306300,2023-06-21
2023-06-22,118.8688795483101,122.07833718002013,117.70990978650924,121.98918914794922,26952200,2023-06-22
2023-06-23,120.23586326986775,121.6325761662558,119.91887990832626,121.18681335449219,34913600,2023-06-23
2023-06-26,119.62171252918014,120.85002211325339,117.15517794794245,117.22451782226562,33969900,2023-06-26
2023-06-27,115.97641255413603,117.95756067064339,115.0056466517561,117.21463012695312,39535900,2023-06-27
2023-06-28,115.98629524127514,119.25519216013541,115.74855961948795,119.04717254638672,27091400,2023-06-28
2023-06-29,118.11604334382326,118.9283137332142,117.18490890950874,117.97736358642578,24090900,2023-06-29
2023-06-30,119.03727968371793,119.93870568097417,118.56180838025891,118.57170867919922,29532200,2023-06-30
2023-07-03,118.11603871561022,119.05708852676793,117.6999994597197,118.76982116699219,14467900,2023-07-03
2023-07-05,118.1160435778064,121.45428073315573,118.1061432790298,120.60238647460938,27584800,2023-07-05
2023-07-06,118.67076871540064,119.16605571745576,117.2839635981503,118.97784423828125,24745200,2023-07-06
2023-07-07,118.96794135463395,119.90899123235957,118.27454254576682,118.35379028320312,21709500,2023-07-07
2023-07-10,117.1849086668048,117.19480896554128,115.04526517285233,115.35234069824219,35315200,2023-07-10
2023-07-11,115.19384889567219,116.60046213170129,114.2627069372542,116.03583526611328,23078800,2023-07-11
2023-07-12,117.6802033104753,119.1957804383142,117.2938800252411,117.80897521972656,30404400,2023-07-12
2023-07-13,119.7901086563636,123.65334859158274,119.31462983276822,123.36608123779297,44297900,2023-07-13
2023-07-14,123.62364949891389,125.58498196562161,122.32599230146607,124.23780059814453,33283100,2023-07-14
2023-07-17,124.7528855515559,125.90194740247068,123.02928143896453,123.47504425048828,25716200,2023-07-17
2023-07-18,123.4255157057774,123.50476343752902,121.80097499226719,122.59343719482422,26193600,2023-07-18
2023-07-19,123.42552039211267,124.00005513290701,120.6519176928117,120.87974548339844,37224000,2023-07-19
2023-07-20,120.27549147201748,122.92032219876853,117.10565774229482,118.076416015625,37906800,2023-07-20
2023-07-21,119.48302990713361,119.84953742367951,117.61084578795172,118.88867950439453,72937900,2023-07-21
2023-07-24,120.51323990968405,121.84060548000588,119.83964926814579,120.38446044921875,29686100,2023-07-24
2023-07-25,120.21607322000374,121.9892017635327,119.87927409656373,121.05805969238281,52509600,2023-07-25
2023-07-26,128.8439605940008,129.74537139876955,127.11045618604405,128.05149841308594,61682100,2023-07-26
2023-07-27,130.42889003369507,131.98409862707467,127.57603178670944,128.18028259277344,44952100,2023-07-27
2023-07-28,129.54727072583006,132.47937651181306,129.3392586434395,131.33030700683594,36591200,2023-07-28
2023-07-31,131.47886392024066,132.27132602951215,130.5378217782747,131.46896362304688,28055500,2023-07-31
2023-08-01,129.54726660464158,131.3798345519529,129.44820315858595,130.3100128173828,23166800,2023-08-01
2023-08-02,128.22981303360817,128.86377984713428,126.35762860655751,127.16990661621094,26273300,2023-08-02
2023-08-03,126.76375600704365,128.1703692734465,126.21893728397501,127.23922729492188,20089500,2023-08-03
2023-08-04,128.06140506490377,130.27038084502357,126.70432352641613,126.90243530273438,26147200,2023-08-04
2023-08-07,127.94253620376521,130.36943938092537,127.80385645406918,130.29019165039062,22746300,2023-08-07
2023-08-08,129.388776187967,130.2703864784232,128.3189544116336,130.1614227294922,23535200,2023-08-08
2023-08-09,130.4189683106613,130.79537612894666,127.78403800787017,128.4378204345703,24912900,2023-08-09
2023-08-10,130.08218501342233,130.80529980166855,128.22980135413556,128.46754455566406,20857800,2023-08-10
2023-08-11,127.447280159818,128.70529851065223,126.96189336058289,128.3387908935547,19591100,2023-08-11
2023-08-14,128.17038582396773,130.13171836532018,127.74444620408725,130.09210205078125,24695600,2023-08-14
2023-08-15,129.86426668839604,130.18124253117608,128.06141462490677,128.55670166015625,19770700,2023-08-15
2023-08-16,127.48686218261719,129.05197081090222,126.66469156172764,127.48686218261719,25216100,2023-08-16
2023-08-17,128.57652473546727,130.74588449246144,128.0713222570123,128.6953887939453,33446300,2023-08-17
2023-08-18,127.2986660305744,128.03169627072486,125.18874601968783,126.2585678100586,30504800,2023-08-18
2023-08-21,125.98121040027308,127.51659567276597,125.36705175678769,127.15998840332031,25248700,2023-08-21
2023-08-22,127.29866965705796,129.05199001191642,127.11047327831035,127.8633041381836,22054900,2023-08-22
2023-08-23,128.95292431830592,132.15248942586146,128.64584877704544,131.12228393554688,27819700,2023-08-23
2023-08-24,132.68739372034156,132.9845689644834,128.34868956972952,128.55670166015625,28500700,2023-08-24
2023-08-25,128.31895505629643,129.52745659961704,126.05054714528603,128.65576171875,26762900,2023-08-25
2023-08-28,130.07226065194624,131.2906623566744,128.91329096477185,129.77508544921875,20543300,2023-08-28
2023-08-29,130.99350506379912,135.28269209662818,130.99350506379912,133.30154418945312,43075600,2023-08-29
2023-08-30,133.50955996250931,134.9954209341487,132.8062609003106,134.5991973876953,28315800,2023-08-30
2023-08-31,134.7279791243435,136.69922704264897,134.51005161116558,134.886474609375,30053800,2023-08-31
2023-09-01,136.16430757063117,136.16430757063117,133.57890884729767,134.3812713623047,21543700,2023-09-01
2023-09-05,134.1633431456703,135.13410142022065,133.31144891270912,134.490234375,19403100,2023-09-05
2023-09-06,134.73788957021387,135.24307690579013,132.4100344539137,133.19259643554688,18684500,2023-09-06
2023-09-07,132.33077439469866,134.30202205679186,131.69680765193374,133.9850311279297,18844300,2023-09-07
2023-09-08,133.6383223872398,135.37182663325115,133.5788903743412,135.09446716308594,23558300,2023-09-08
2023-09-11,135.2529867790659,136.18412889149724,134.51005617212115,135.62940979003906,20763400,2023-09-11
2023-09-12,134.97561156998864,135.5798623314705,133.91570522015272,134.0642852783203,18405500,2023-09-12
2023-09-13,133.8166464595188,135.60958309403551,132.88550442248655,135.42138671875,20749500,2023-09-13
2023-09-14,136.30297659287558,137.3925988291446,134.95579546543004,136.7982635498047,24751000,2023-09-14
2023-09-15,136.6794084421126,137.21432691405798,135.19354730998145,136.10487365722656,38919600,2023-09-15
2023-09-18,135.32231734485046,137.8482841163795,135.32231734485046,136.90724182128906,21861300,2023-09-18
2023-09-19,136.12469470331177,137.10536853031823,135.33223237880813,136.7388458251953,20353700,2023-09-19
2023-09-20,136.77847333591484,136.77847333591484,132.36050620598186,132.47938537597656,29927500,2023-09-20
2023-09-21,130.20105377280416,130.98360061103773,128.84397217961927,129.21047973632812,31503900,2023-09-21
2023-09-22,129.52744986822796,130.78548307138033,128.37839552385094,129.0222625732422,26397300,2023-09-22
2023-09-25,128.60624233611597,129.93360805536258,127.74444767159882,129.87417602539062,20094600,2023-09-25
2023-09-26,128.5468020175819,129.13123709457156,126.02083510191228,127.35811614990234,25718700,2023-09-26
2023-09-27,127.3581226719012,129.66614708498366,127.3581226719012,129.30953979492188,22746500,2023-09-27
2023-09-28,128.61613182423616,132.04352470913275,128.56660009843606,131.06285095214844,22513100,2023-09-28
2023-09-29,132.02369781929437,132.78644401015598,129.1312236339659,129.6265106201172,30859800,2023-09-29
2023-10-02,129.9732433960953,133.15297801496536,129.93361196494698,132.90533447265625,22288000,2023-10-02
2023-10-03,132.6774780064036,132.99445381235702,130.5972666540528,131.18170166015625,22989400,2023-10-03
2023-10-04,131.53830697235477,134.29211643404554,131.28076318908475,133.96522521972656,26752300,2023-10-04
2023-10-05,133.79684448242188,134.21288377054,132.19210423972567,133.79684448242188,19832600,2023-10-05
2023-10-06,132.74683103836537,136.85772266380047,132.74683103836537,136.28318786621094,27597600,2023-10-06
2023-10-09,135.64921945907278,137.63036765595723,134.33175409434926,137.11526489257812,19278100,2023-10-09
2023-10-10,137.19450673636976,138.4030082937137,136.03553690481087,136.75865173339844,27786600,2023-10-10
2023-10-11,137.27372698297964,139.77987763320024,137.27372698297964,139.22515869140625,25884300,2023-10-11
2023-10-12,139.72044486468351,139.8888406057492,136.95673535288924,137.66004943847656,24765500,2023-10-12
2023-10-13,138.06621031388815,138.68036136313773,135.33221637344056,136.06524658203125,23420500,2023-10-13
2023-10-16,136.86760720097854,138.31385188558824,136.68931113689553,137.78884887695312,28501900,2023-10-16
2023-10-17,137.32326271053788,138.58128066351554,135.88691848326934,138.40298461914062,23515800,2023-10-17
2023-10-18,138.13555264144586,139.3935859571332,136.0850721525315,136.65960693359375,23375000,2023-10-18
2023-10-19,137.194514445947,138.34358404290452,136.0850762778288,136.4515838623047,26066000,2023-10-19
2023-10-20,136.03552714034558,136.5704304415317,133.80673567464444,134.32183837890625,26335700,2023-10-20
2023-10-23,133.76711882160117,136.36243322253188,132.68739668819748,135.21336364746094,26317900,2023-10-23
2023-10-24,136.5307982366361,138.04637504765964,136.124659322582,137.50155639648438,44814300,2023-10-24
2023-10-25,126.95196926111923,127.10054931723444,123.8910916279868,124.4260025024414,84366200,2023-10-25
2023-10-26,122.10805414835848,123.15806773168971,120.12690614034925,121.12738800048828,57061100,2023-10-26
2023-10-27,121.721739301728,122.14768645517988,119.0769083420869,121.0184326171875,44566500,2023-10-27
2023-10-30,122.04863236669068,124.21799203586895,121.59296919351489,123.28684997558594,28940100,2023-10-30
2023-10-31,123.88118925267857,124.18827234968963,121.5335335724306,122.91043090820312,26292300,2023-10-31
2023-11-01,122.9005236105588,125.29771102759383,122.55382420024057,125.25808715820312,30082400,2023-11-01
2023-11-02,127.20951079122271,127.76422981075791,125.73355765282807,126.28827667236328,27124600,2023-11-02
2023-11-03,126.81329587313871,128.30905726801154,126.65480039534856,127.88311767578125,26393100,2023-11-03
2023-11-06,127.83357680477238,129.1114106050115,127.45715385068908,129.0222625732422,19052700,2023-11-06
2023-11-07,129.47794507134418,130.66663094824423,128.65576676845674,129.73548889160156,29757300,2023-11-07
2023-11-08,129.7354650641289,130.96378214314169,129.54725360448614,130.59725952148438,26425800,2023-11-08
2023-11-09,130.71614806102886,131.30058307721072,128.84396385761158,129.01235961914062,23747800,2023-11-09
2023-11-10,128.87367527216182,131.54822187953658,128.19017683711922,131.34019470214844,26913300,2023-11-10
2023-11-13,130.5378341612988,131.34019664387745,130.0128311760323,130.84490966796875,18324800,2023-11-13
2023-11-14,132.9251386329532,134.4209000570862,132.06334401742188,132.36050415039062,32395200,2023-11-14
2023-11-15,133.59870244494968,133.7571979029326,132.31096841497518,133.35105895996094,23861500,2023-11-15
2023-11-16,133.91570831098554,135.92657242438622,133.0539137238025,135.63929748535156,28013200,2023-11-16
2023-11-17,134.7180442767643,134.77747628966966,132.3901896715872,134.0345458984375,37240600,2023-11-17
2023-11-20,132.42986133871003,135.37186779133089,132.36051389260578,134.96572875976562,27815500,2023-11-20
2023-11-21,135.00531118496744,135.886921357929,134.67843509669842,135.6789093017578,22635300,2023-11-21
2023-11-22,136.1742262486165,138.1058427704475,136.1742262486165,137.1846160888672,17813900,2023-11-22
2023-11-24,136.72891570592253,136.82797914299124,134.70815157836293,135.40155029296875,12514300,2023-11-24
2023-11-27,134.7477835762215,137.1152548942663,134.718067564632,135.12420654296875,23436500,2023-11-27
2023-11-28,134.79730033187963,135.95627000005229,134.1435179195899,135.90673828125,18730000,2023-11-28
2023-11-29,136.27328862830294,136.98648808728825,133.56901040418717,133.7176055908203,23967200,2023-11-29
2023-11-30,133.7770122542541,134.2722992191977,130.04254430639105,131.28076171875,38988300,2023-11-30
2023-12-01,130.61708068847656,130.86472417415052,129.43829527827506,130.61708068847656,31442300,2023-12-01
2023-12-04,128.65574912560064,128.80432917172766,126.69440938445004,128.05149841308594,36669900,2023-12-04
2023-12-05,127.73451535832072,130.8944488634641,127.04111657544283,129.7552947998047,27384800,2023-12-05
2023-12-06,130.20106226225468,130.5972858566958,128.65576908298854,128.79444885253906,23576200,2023-12-06
2023-12-07,133.76711313442814,137.25393802452018,133.43032158483481,135.63929748535156,56767100,2023-12-07
2023-12-08,132.93504357345236,135.11430360941816,132.76664778723733,133.7176055908203,32260100,2023-12-08
2023-12-11,131.1321890142382,132.08313157577382,130.12179931701706,132.03359985351562,31138000,2023-12-11
2023-12-12,130.56755981511444,131.7463453232423,130.02274107837968,131.2708740234375,29032800,2023-12-12
2023-12-13,132.12272052816502,132.24158453140777,130.32978460946526,131.3203582763672,30104800,2023-12-13
2023-12-14,132.1227483794993,132.45953986965213,128.46752835972197,130.69631958007812,38722400,2023-12-14
2023-12-15,130.37935469916124,132.2515390932176,129.9434996884881,131.35012817382812,50847100,2023-12-15
2023-12-18,131.37984058345504,135.85722438947897,131.18171368224796,134.51995849609375,32258000,2023-12-18
2023-12-19,135.5501499652766,136.17421645628426,134.79731912538074,135.3619384765625,25476800,2023-12-19
2023-12-20,137.66006190353008,140.3643245325025,136.76855140187814,137.03599548339844,49107200,2023-12-20
2023-12-21,138.17516326857788,139.3638489644379,137.86807265297588,139.0963897705078,27488300,2023-12-21
2023-12-22,139.44311177628964,140.6516133137084,139.3836797523117,140.1563262939453,26532200,2023-12-22
2023-12-26,140.25536747570143,141.33508949612715,139.85914392608302,140.18603515625,16780300,2023-12-26
2023-12-27,140.2553919454143,140.74077872609564,138.57141889330177,139.04689025878906,19628600,2023-12-27
2023-12-28,139.45300658951038,139.80961383431003,138.4327165781313,138.90818786621094,16045700,2023-12-28
2023-12-29,138.3138589912108,139.03697381318452,137.4718650054482,138.373291015625,18733000,2023-12-29
2024-01-02,137.24400712056772,138.13551752126708,135.19351203801926,136.86758422851562,23711200,2024-01-02
2024-01-03,135.9562628696607,138.31383350338552,135.78786712653144,137.6105194091797,24212100,2024-01-03
2024-01-04,137.11524935880684,137.84827954999523,135.06476906710992,135.10438537597656,27137700,2024-01-04
2024-01-05,135.46101240432904,135.8671514256001,133.87608774886044,134.45062255859375,22513900,2024-01-05
2024-01-08,135.00532895706218,137.69969154899283,134.9756129451259,137.5312957763672,21404000,2024-01-08
2024-01-09,137.19452569414503,140.15634797181673,136.84781868070183,139.62142944335938,24759600,2024-01-09
2024-01-10,139.67092460669582,141.65207247345745,139.58177658028163,140.93885803222656,21320200,2024-01-10
2024-01-11,142.1374815262308,143.85117046866557,139.31433932551914,140.7407684326172,24008700,2024-01-11
2024-01-12,141.32518985756914,141.8501928649969,140.48321103195838,141.3053741455078,18785500,2024-01-12
2024-01-16,140.66150965520748,142.98936462858398,140.1166909258045,141.1468963623047,22670500,2024-01-16
2024-01-17,140.01762583777685,140.50299737183,137.59070770767883,140.13648986816406,20968600,2024-01-17
2024-01-18,140.71103470348461,142.85067809474862,140.65160268399825,142.12754821777344,25746400,2024-01-18
2024-01-19,143.37570319270063,145.06957646906244,143.01909590584106,145.000244140625,34271900,2024-01-19
2024-01-22,145.7134446289684,146.99127846629932,144.46531168812982,144.61390686035156,32200400,2024-01-22
2024-01-23,144.5148528050676,145.79268672545237,144.12852951611768,145.6540069580078,21636100,2024-01-23
2024-01-24,147.13985963029438,148.43752430496747,146.70401975406176,147.29835510253906,25233500,2024-01-24
2024-01-25,148.65544028148244,151.6073464272401,148.1304221809848,150.43846130371094,29149100,2024-01-25
2024-01-26,149.67572544188013,151.10213919091456,149.5865623016617,150.7554473876953,26115500,2024-01-26
2024-01-29,150.62668943208467,152.33047802772649,150.00262293630868,152.06301879882812,27784300,2024-01-29
2024-01-30,151.3596988063133,152.1719615652673,149.7648741820085,150.03233337402344,36331800,2024-01-30
2024-01-31,142.26624407162646,142.6426670575937,138.55159128366827,138.77943420410156,71910000,2024-01-31
2024-02-01,140.78036452188786,141.71150645053427,139.46289935847955,139.8294219970703,40466500,2024-02-01
2024-02-02,137.94733213900224,141.2756614400684,135.21335329400358,141.03793334960938,62499600,2024-02-02
2024-02-05,141.4737740182903,144.09878885119113,141.43414259725117,142.32565307617188,38505400,2024-02-05
2024-02-06,143.28651806660818,143.98983223271003,141.8402885413249,142.74171447753906,29128200,2024-02-06
2024-02-07,143.3954900682589,144.24738433228183,142.57331181571678,144.1681365966797,25208900,2024-02-07
2024-02-08,144.45542022837463,144.95070726949984,143.7323053805209,144.53466796875,22563800,2024-02-08
2024-02-09,145.2973661562678,148.03135967641543,144.80207922754047,147.5955047607422,26829500,2024-02-09
2024-02-12,147.0209993419135,147.93232565817652,145.98089356178963,146.13938903808594,21564100,2024-02-12
2024-02-13,143.55396889340898,145.28747323192408,142.33556721909812,143.7718963623047,27837700,2024-02-13
2024-02-14,144.7030413176847,145.13889626470424,142.73179375819484,144.56436157226562,22704200,2024-02-14
2024-02-15,141.79077821564292,142.16720121612832,139.1360468426405,141.4242706298828,37590700,2024-02-15
2024-02-16,141.6421841188465,141.8402958992358,138.81904212467896,139.19546508789062,31468900,2024-02-16
2024-02-20,138.34358047947055,140.7407679538146,138.1751846986445,139.78981018066406,25144700,2024-02-20
2024-02-21,140.11669187948075,141.34500910368052,139.35394565312507,141.20632934570312,23223300,2024-02-21
2024-02-22,143.56389009951735,143.6332375383376,141.4539776469549,142.7318115234375,27191900,2024-02-22
2024-02-23,142.31576767229546,143.31624199133967,142.07802446605524,142.60304260253906,19493800,2024-02-23
2024-02-26,140.80018488112955,141.097360098055,136.09495847718128,136.2732696533203,53641800,2024-02-26
2024-02-27,136.7190286014233,137.9374303971592,135.7977869156524,137.5709228515625,33099200,2024-02-27
2024-02-28,136.60012853970923,136.70909226834252,134.13360931467162,135.09446716308594,37328600,2024-02-28
2024-02-29,135.98596132268682,137.55106963998074,135.1142515978761,137.15484619140625,42133000,2024-02-29
2024-03-01,137.12513899008863,137.56099392851314,135.6293778286393,135.84730529785156,31151100,2024-03-01
2024-03-04,134.38128712569457,134.38128712569457,130.66663422050593,132.0930633544922,55999400,2024-03-04
2024-03-05,130.6369020545164,131.98408327949778,129.43830088138756,131.41944885253906,40194800,2024-03-05
2024-03-06,131.86521128643497,132.3208819951356,129.6166190997975,130.1614227294922,35318600,2024-03-06
2024-03-07,131.53830302016095,133.66804599825636,130.3694330601028,133.1133270263672,37738200,2024-03-07
2024-03-08,132.94493550750806,136.788352127219,132.73690832894798,134.1336212158203,39370400,2024-03-08
2024-03-11,134.84685230242854,137.7888584846141,134.84685230242854,136.37232971191406,32437800,2024-03-11
2024-03-12,135.73835874420493,138.06621377136466,135.73835874420493,137.1945037841797,27563400,2024-03-12
2024-03-13,137.68978898902412,139.7600850663766,137.6798886901947,138.4723358154297,23347200,2024-03-13
2024-03-14,139.85915951055284,142.2365313030922,139.13604465019097,141.75115966796875,42753400,2024-03-14
2024-03-15,141.1568082217187,141.83039134963047,138.71008900334536,139.8492431640625,49475400,2024-03-15
2024-03-18,147.20920556461434,150.7158309412068,145.78277655889536,146.2879638671875,69273700,2024-03-18
2024-03-19,146.76344216143465,147.3874934806998,144.70304650213203,145.6440887451172,24070400,2024-03-19
2024-03-20,146.6049367935924,147.4568309498292,145.3568191244373,147.3379669189453,21311500,2024-03-20
2024-03-21,148.06110892693906,148.95261955283513,145.51532628649926,146.208740234375,24755600,2024-03-21
2024-03-22,147.71439026412665,150.1512089583533,147.57571050851763,149.34884643554688,29211800,2024-03-22
2024-03-25,148.52666183272117,148.9625167930801,146.42664987640165,148.6554412841797,19229300,2024-03-25
2024-03-26,148.80404630237763,150.82481086727907,148.56630307093445,149.2498016357422,22149100,2024-03-26
2024-03-27,149.75496675016123,150.21063743065775,147.49645928934754,149.44789123535156,22879200,2024-03-27
2024-03-28,149.42809160115786,150.00261121097796,148.75449343194893,149.50732421875,24485400,2024-03-28
2024-04-01,149.26960970551775,154.27201180475902,149.19036196576207,154.0243682861328,31730800,2024-04-01
2024-04-02,152.05311284830339,153.24179865539583,150.71583186847434,153.10311889648438,24586000,2024-04-02
2024-04-03,152.15216702325534,153.61821225881653,151.29035739579777,153.459716796875,24705000,2024-04-03
2024-04-04,152.0531051580242,153.3111383384258,149.0318515113713,149.11109924316406,34724700,2024-04-04
2024-04-05,148.61579658933533,151.9738414058996,148.1898570801788,151.06251525878906,23459200,2024-04-05
2024-04-08,151.3398855456625,153.8064201009343,151.1714897894332,153.390380859375,20702000,2024-04-08
2024-04-09,154.6186837219778,157.06540257966853,153.7271732158785,155.12388610839844,31079500,2024-04-09
2024-04-10,154.73757558656484,155.13379915183737,153.22198341774504,154.66822814941406,22838600,2024-04-10
2024-04-11,155.4309745942535,158.17485377315867,154.9852193039768,157.90740966796875,27166400,2024-04-11
2024-04-12,156.47106798921303,158.70975967764107,155.65879009401198,156.24322509765625,25353700,2024-04-12
2024-04-15,157.36259530028232,157.73901827873132,153.13283984468552,153.40029907226562,27136500,2024-04-15
2024-04-16,152.7366137703007,154.18284340549994,151.98376782571336,152.9446258544922,20779500,2024-04-16
2024-04-17,154.15311190556037,155.59935651041437,153.12292165720868,154.00453186035156,21763100,2024-04-17
2024-04-18,153.87576120493418,155.46068564754503,153.16254671725525,154.53944396972656,19883000,2024-04-18
2024-04-19,154.7276389835674,154.88613443395536,150.86440684884911,152.6375274658203,32615600,2024-04-19
2024-04-22,152.85549821205137,156.15411202182497,152.60785466880978,154.8069305419922,26446200,2024-04-22
2024-04-23,155.4805001575941,157.4715484365775,154.80690198445652,156.7682342529297,21151600,2024-04-23
2024-04-24,156.00549474863058,158.06589035097772,155.68850383367314,157.63003540039062,22779100,2024-04-24
2024-04-25,149.90357714076376,155.01494301435423,149.44790641398717,154.52955627441406,57109700,2024-04-25
2024-04-26,172.72636486340193,173.06317147434675,168.0508548798468,170.3291778564453,64665300,2024-04-26
2024-04-29,167.4664672937122,167.95185407994032,163.65276579607652,164.58389282226562,45610000,2024-04-29
2024-04-30,164.04897776984578,166.51551272721193,161.067355161794,161.2456512451172,33562900,2024-04-30
2024-05-01,162.75129989434402,165.54471052012372,161.5526987871929,162.31544494628906,33493200,2024-05-01
2024-05-02,163.23665602265763,165.15837168570206,162.3451456149363,165.04940795898438,24294500,2024-05-02
2024-05-03,165.98056527532796,166.37680391626236,161.51308229287275,165.66358947753906,34662400,2024-05-03
2024-05-06,165.88155134648852,166.55513450330503,164.46502247324162,166.51551818847656,21871300,2024-05-06
2024-05-07,166.91170961700217,170.14097523408242,166.8027458785292,169.6357879638672,28039700,2024-05-07
2024-05-08,167.40700904320605,168.54616311793023,167.14946523990977,167.78343200683594,19569100,2024-05-08
2024-05-09,167.79332152345498,169.0810706871072,166.59472038810446,168.3579559326172,15346700,2024-05-09
2024-05-10,166.4461516776323,168.24900365253,164.62349910506936,167.060302734375,29799900,2024-05-10
2024-05-13,162.71167888481415,167.6843645690759,162.45413508764602,167.54568481445312,31327600,2024-05-13
2024-05-14,168.1697556681758,169.63580098611519,167.20889765923283,168.734375,25127100,2024-05-14
2024-05-15,169.02164233638342,171.02259088483336,168.90276318110884,170.8839111328125,26948400,2024-05-15
2024-05-16,171.65655202628884,173.4693041567708,171.0622167291373,172.5381622314453,27867900,2024-05-16
2024-05-17,172.53815265408903,174.60846356854617,172.05278112226807,174.4004364013672,24479300,2024-05-17
2024-05-20,174.5292198715779,177.0849023768379,174.4202561367233,175.25233459472656,22554400,2024-05-20
2024-05-21,175.2325569894993,176.47077464803155,174.15283481884995,176.17361450195312,16989400,2024-05-21
2024-05-22,174.97499681045656,175.48018412655318,173.5584831966184,174.7174530029297,17880000,2024-05-22
2024-05-23,175.4009483043823,176.56981838832198,171.31977307945,171.91412353515625,21024900,2024-05-23
2024-05-24,173.33063024095415,174.11319214706063,172.01316503791867,173.34054565429688,16579400,2024-05-24
2024-05-28,172.80561232835413,175.5990379572273,172.7263646032487,174.7372283935547,20572200,2024-05-28
2024-05-29,173.77640285215773,175.17311592654391,173.07310372275933,174.24197387695312,23388700,2024-05-29
2024-05-30,173.54854055658328,173.56835626634904,170.1706800020165,170.4876708984375,22931500,2024-05-30
2024-05-31,170.2400414486173,171.428727178173,167.84285427810815,170.87400817871094,37638900,2024-05-31
2024-06-03,170.91363798660555,172.884885765003,169.54665609137342,171.53770446777344,27459100,2024-06-03
2024-06-04,171.6466681505934,172.21130260761575,170.26977084192941,172.15185546875,26879600,2024-06-04
2024-06-05,173.54856460290543,174.98489390330127,172.2905313702321,173.756591796875,22068500,2024-06-05
2024-06-06,174.2419544852705,175.48017194214412,174.09337443642934,175.0641326904297,23251000,2024-06-06
2024-06-07,175.3811193801314,176.19338215245025,172.65704104078017,172.81553649902344,19661400,2024-06-07
2024-06-10,173.51964913718612,175.59232118793005,171.32796149412926,173.55931091308594,23726700,2024-06-10
2024-06-11,174.75929703239595,175.37415295165962,172.32960833962332,175.15597534179688,21540600,2024-06-11
2024-06-12,176.77246257931822,178.9145616902939,174.65020192278865,176.31626892089844,27864700,2024-06-12
2024-06-13,174.65019108926487,175.27497374095435,173.43039103186226,173.70806884765625,20913300,2024-06-13
2024-06-14,172.77588046564773,175.59233589189165,172.70645343662588,175.32456970214844,18063600,2024-06-14
2024-06-17,174.00559933310134,176.88155485978157,173.36097817553005,175.77084350585938,19618500,2024-06-17
2024-06-18,175.67163609834915,175.91956377801446,172.65684217183323,173.6386260986328,21869900,2024-06-18
2024-06-20,173.91633928082513,175.82042243225433,173.53949942101505,174.83863830566406,20160100,2024-06-20
2024-06-21,175.53281739605538,179.35091015505034,175.1460507765767,178.14102172851562,57759000,2024-06-21
2024-06-24,178.66661606311132,179.39056068860404,177.18896156728684,177.73440551757812,18298000,2024-06-24
2024-06-25,178.13109862440768,182.76238649336386,177.93275948021235,182.50454711914062,23130200,2024-06-25
2024-06-26,181.11618097811777,182.98058732909004,180.9674152518489,182.35581970214844,19839000,2024-06-26
2024-06-27,182.65330785628058,184.50781754506613,182.49464561148105,183.8731231689453,18848900,2024-06-27
2024-06-28,182.7921318348739,183.5954151173879,180.45169387070354,180.64010620117188,29156600,2024-06-28
2024-07-01,181.51283682486664,182.3557971056762,179.79718128044868,181.47317504882812,16006100,2024-07-01
2024-07-02,180.54095368507097,184.0317799288088,180.05500994673656,183.7045135498047,17372500,2024-07-02
2024-07-03,183.31777853011567,184.54749044604264,182.47481815419735,184.2797393798828,10242100,2024-07-03
2024-07-05,184.3193957840595,189.27795048057212,184.25989554887065,189.02011108398438,20967500,2024-07-05
2024-07-08,188.32590319025596,188.59366938357218,186.2234808204011,187.46311950683594,21035900,2024-07-08
2024-07-09,188.73249043692135,189.77378986137018,187.1556738088654,187.41351318359375,15121400,2024-07-09
2024-07-10,187.58213422737572,190.16058894394618,187.46313374677715,189.59530639648438,15952500,2024-07-10
2024-07-11,188.2763207656611,189.27794332888038,183.54585552687806,184.03179931640625,25625800,2024-07-11
2024-07-12,183.54586136873434,185.55903335294278,182.96075554978484,183.53594970703125,22898400,2024-07-12
2024-07-15,183.38715546507632,186.6796425153706,183.38715546507632,184.9838104248047,16474000,2024-07-15
2024-07-16,185.80694986210247,187.11600034630766,181.8500180292527,182.3954620361328,18290700,2024-07-16
2024-07-17,181.45333384653057,182.02852795037177,178.40877430017733,179.51950073242188,20734100,2024-07-17
2024-07-18,180.42194633892038,180.98722878273526,175.00721361216966,176.21710205078125,25315700,2024-07-18
2024-07-19,177.39725118322656,178.79555205599942,175.66175710285674,176.18736267089844,18881900,2024-07-19
2024-07-22,179.0930739107302,181.18558458642863,178.73605736925484,180.16412353515625,24100300,2024-07-22
2024-07-23,180.54098136257284,182.08804802244904,180.03519909370766,180.2831268310547,36352700,2024-07-23
2024-07-24,172.16101164978593,174.72953914992098,170.3957675264856,171.1990509033203,49585200,2024-07-24
2024-07-25,171.0899727872295,171.98250656560228,165.80415174823364,165.89340209960938,44852000,2024-07-25
2024-07-26,165.7644579679493,166.69666856249324,162.70007515743842,165.61570739746094,41336900,2024-07-26
2024-07-29,167.43054602622254,169.01727432015218,166.5975125369865,168.12474060058594,20293800,2024-07-29
2024-07-30,168.82887504541765,169.81065918652655,167.04379233570876,168.87844848632812,18959700,2024-07-30
2024-07-31,171.80397765019626,172.80560007098353,168.60074099752308,170.11805725097656,25729100,2024-07-31
2024-08-01,168.83879157195824,172.60729626052532,167.48015239401155,169.3445587158203,24531400,2024-08-01
2024-08-02,165.06035633790583,167.1131899291379,163.3050238959055,165.27853393554688,29130100,2024-08-02
2024-08-05,154.21104625180902,163.06701740006122,153.64576377052947,157.92996215820312,53630700,2024-08-05
2024-08-06,158.0092930412871,159.23901995455182,155.11349914776707,156.9779052734375,49004600,2024-08-06
2024-08-07,159.91339324492824,161.6290489788197,157.15643797042205,157.62254333496094,25138600,2024-08-07
2024-08-08,159.17950020545774,162.33314852019078,158.88199906168649,160.68690490722656,25578800,2024-08-08
2024-08-09,158.68365838652156,162.43232444231467,157.74153604180353,162.31332397460938,28602300,2024-08-09
2024-08-12,162.98768499629125,163.53311386044192,160.4984810667238,160.9447479248047,15895300,2024-08-12
2024-08-13,162.05547223997468,163.36452268194483,161.61911704854913,162.79925537109375,18551700,2024-08-13
2024-08-14,161.05382104216667,161.86703112721244,156.40271029840184,159.0406494140625,40591100,2024-08-14
2024-08-15,159.16961037680883,160.30016027512747,158.28698822051015,159.96298217773438,31524300,2024-08-15
2024-08-16,160.1315525357236,163.69179086382167,159.79437447768626,161.6092071533203,24208600,2024-08-16
2024-08-19,163.90997461723012,165.30829060327488,162.89842527282462,165.2884521484375,22416200,2024-08-19
2024-08-20,165.51655736424223,167.24213992598882,165.437233801864,165.7942352294922,18341500,2024-08-20
2024-08-21,163.78105573886796,165.46697644323723,163.3050387245666,164.4752655029297,22902000,2024-08-21
2024-08-22,165.8735566607167,166.20082306762401,161.9563017036317,162.44224548339844,22493300,2024-08-22
2024-08-23,163.35461289180427,164.80250226287146,162.4719908380613,164.2471466064453,13955700,2024-08-23
2024-08-26,165.00083137352877,166.1611310785171,163.09674864234503,164.78265380859375,14190400,2024-08-26
2024-08-27,164.46531429923328,165.0603468280275,163.0967636946959,163.31492614746094,11821900,2024-08-27
2024-08-28,163.6719716397299,164.22734249342142,160.19107158671994,161.50013732910156,16407400,2024-08-28
2024-08-29,162.94803833728415,164.59428229317595,158.92169394158728,160.4390106201172,19699800,2024-08-29
2024-08-30,161.27201637464404,162.30340415057861,160.34973253169585,162.02572631835938,22123800,2024-08-30
2024-09-03,160.37947815101114,160.50840540246534,155.1829079051627,156.0556182861328,38945300,2024-09-03
2024-09-04,155.3614336724234,157.68203355334143,154.66723906688907,155.15316772460938,19353800,2024-09-04
2024-09-05,155.00440439703507,158.12828743123546,154.68704967070923,155.93661499023438,18688700,2024-09-05
2024-09-06,155.9961266954501,156.52173225882967,149.30207815911396,149.66900634765625,37912100,2024-09-06
2024-09-09,151.44652470733544,152.33031802848637,146.1934191551348,147.67303466796875,39260500,2024-09-09
2024-09-10,149.40086316700538,150.21515232969438,147.30557623537533,147.62335205078125,31118800,2024-09-10
2024-09-11,148.8745981614033,150.4435825568505,146.49133954819087,150.10595703125,29607700,2024-09-11
2024-09-12,152.72754999251003,153.74044173778802,151.58555989323312,153.61134338378906,29621500,2024-09-12
2024-09-13,154.3461563209122,157.27559765598852,154.12770435368589,156.3620147705078,29591200,2024-09-13
2024-09-16,156.21305455425028,157.14650223678444,155.50801396162132,156.95782470703125,18379800,2024-09-16
2024-09-17,157.911134323935,159.4304641960374,157.2755977444437,158.20904541015625,20715600,2024-09-17
2024-09-18,158.74525678494552,159.38079329854523,157.49404853540457,158.6956024169922,23677300,2024-09-18
2024-09-19,162.56844369236055,162.64787251183546,160.2149595890298,161.00938415527344,26587700,2024-09-19
2024-09-20,162.35991099365975,162.58830295605833,160.92994972015902,162.44927978515625,40896400,2024-09-20
2024-09-23,163.20397220520576,164.33602223132473,160.5426523133899,160.72140502929688,24150900,2024-09-23
2024-09-24,161.89315521075918,162.08183272389985,159.5694761752488,161.15830993652344,23332100,2024-09-24
2024-09-25,160.3440420812531,161.67469438550233,160.17522933988297,160.36390686035156,18869200,2024-09-25
2024-09-26,162.49890337717716,162.93583758934093,161.1483863361193,161.59524536132812,20319300,2024-09-26
2024-09-27,161.6746974446782,164.54454440704646,161.4959598865702,162.80674743652344,21101300,2024-09-27
2024-09-30,162.1811552014193,164.99140790109868,162.12156086139018,164.69351196289062,20413900,2024-09-30
2024-10-01,166.52067729796633,167.98042800067057,163.4323631439142,165.8255615234375,28338100,2024-10-01
2024-10-02,165.25953808497383,166.35187375711521,163.58132016704218,164.7034454345703,17760200,2024-10-02
2024-10-03,163.26355943212087,165.4780052194021,162.77697078682365,164.7034454345703,15073100,2024-10-03
2024-10-04,166.8880921706125,167.05690491903522,164.32608104579808,165.8950653076172,19047400,2024-10-04
2024-10-07,166.55045841132394,167.30515333490106,161.6151139348849,161.843505859375,22463100,2024-10-07
2024-10-08,162.7968151755234,163.58129967642142,161.73426923186602,163.23374938964844,23072700,2024-10-08
2024-10-09,162.31024767332997,163.6905544913904,158.626126271172,160.73133850097656,31181800,2024-10-09
2024-10-10,159.74822939172097,161.9329006503817,159.2815055457696,160.94979858398438,14144100,2024-10-10
2024-10-11,160.99943947811877,162.7570859994371,160.11564623470997,162.10169982910156,15344300,2024-10-11
2024-10-14,162.49890499208357,165.07084076824168,162.26057310515668,163.80970764160156,19016100,2024-10-14
2024-10-15,164.63391416283739,166.51073429604153,163.4820145370709,164.3062286376953,20247200,2024-10-15
2024-10-16,163.3827194845321,164.64386792755846,162.59823487734482,164.00833129882812,16406000,2024-10-16
2024-10-17,164.57433190772997,165.2098684713458,161.62504101734748,161.79385375976562,21453400,2024-10-17
2024-10-18,162.05206459531138,163.56146974796116,161.9428310286251,162.28045654296875,19757700,2024-10-18
2024-10-21,161.8137182306033,163.35291284104187,161.48601755980903,162.92591857910156,20946500,2024-10-21
2024-10-22,161.8434924612248,164.61404552751452,161.8434924612248,163.98843383789062,16568100,2024-10-22
2024-10-23,163.6111016800633,164.66372289048581,160.80083381909756,161.64491271972656,18280500,2024-10-23
2024-10-24,161.69456070594023,162.1910741214277,159.88724460042005,161.5853271484375,22412500,2024-10-24
2024-10-25,162.52868955985642,164.43529913917524,162.2804328674599,164.11753845214844,19828900,2024-10-25
2024-10-28,167.57327733196706,167.57327733196706,162.80674552404707,165.55743408203125,32138600,2024-10-28
2024-10-29,166.56039624660548,169.19192660016526,165.92485964222502,168.49679565429688,42169000,2024-10-29
2024-10-30,179.42006644238907,180.75073380709983,172.84623418689728,173.2434539794922,68890800,2024-10-30
2024-10-31,171.922711935927,175.58698276642897,169.807560283631,169.9167938232422,44769000,2024-10-31
2024-11-01,168.8840869554026,171.11839741159756,167.7023825564108,170.09556579589844,31796500,2024-11-01
2024-11-04,168.74502066899333,169.539445063289,166.83841121411467,168.05984497070312,21492700,2024-11-04
2024-11-05,168.2485301772737,169.34086576189884,167.66264797842342,168.55638122558594,18242100,2024-11-05
2024-11-06,172.5880653336426,175.70616896018197,172.29015425546123,175.27915954589844,33695500,2024-11-06
2024-11-07,176.17290261823987,179.8173094537086,175.95443549219976,179.48960876464844,25352900,2024-11-07
2024-11-08,179.3902725978056,179.63852928014543,176.83820178259256,177.1063232421875,22006200,2024-11-08
2024-11-11,177.33473026430633,179.29099430009822,177.22549670866968,179.09239196777344,17450400,2024-11-11
2024-11-12,178.56609468327508,181.2174745432505,178.13908526034365,180.35353088378906,25134900,2024-11-12
2024-11-13,179.2016442605843,179.69815771950462,177.29501924422846,177.63265991210938,23184000,2024-11-13
2024-11-14,177.03682125408577,177.57306422524127,173.10444351008397,174.35565185546875,31007500,2024-11-14
2024-11-15,172.51852911342962,172.92567370824764,170.02603748244363,171.2871856689453,32504600,2024-11-15
2024-11-18,172.2106958182379,174.21661408019878,171.69431766961333,174.0775909423828,20135300,2024-11-18
2024-11-19,172.50863268758198,177.6227151144133,172.34974474847573,176.87794494628906,23434900,2024-11-19
2024-11-20,176.10335508154355,176.44098053014173,172.56818237884448,174.75283813476562,18997100,2024-11-20
2024-11-21,172.6873573172244,172.91576439472308,162.55848682005697,166.46109008789062,59734400,2024-11-21
2024-11-22,164.69347931190484,165.2992261868159,162.75706518312745,163.61106872558594,38604600,2024-11-22
2024-11-25,164.93182234405353,167.4541189743164,164.45517370894052,166.48094177246094,33135300,2024-11-25
2024-11-26,166.46108883905265,168.6358199751134,166.41143446812606,167.94068908691406,20486700,2024-11-26
2024-11-27,167.82151959076907,168.2981681848086,166.8483576251592,168.04991149902344,19266500,2024-11-27
2024-11-29,167.32502205728218,168.24852974267216,165.9943697320939,167.77188110351562,14257200,2024-11-29
2024-12-02,167.59312502484607,170.88004106813648,167.3945227098445,170.29415893554688,23789100,2024-12-02
2024-12-03,170.29418101536214,171.4758702461707,169.6586444335241,170.1452178955078,22248700,2024-12-03
2024-12-04,169.95652067469916,173.6903109186826,169.8671519045746,173.15406799316406,31615100,2024-12-04
2024-12-05,174.13719150933292,174.83230728378396,171.12832132304757,171.4361572265625,21356200,2024-12-05
2024-12-06,170.83039484206162,173.85912953542012,170.66158210864637,173.49171447753906,21462400,2024-12-06
2024-12-09,172.94491881984126,175.23148577080642,172.63671498294693,174.3466796875,25389600,2024-12-09
2024-12-10,181.78306850285867,185.2725820417294,179.99356854584033,184.0895233154297,54813000,2024-12-10
2024-12-11,184.22870587804087,194.46860797595772,183.7713984925761,194.25982666015625,67894100,2024-12-11
2024-12-12,193.86214396789393,194.04108635776814,190.59134831615194,190.8398895263672,34817500,2024-12-12
2024-12-13,189.89544591832112,191.6054108844412,188.5334447604449,188.71240234375,25143500,2024-12-13
2024-12-16,191.74455812406867,197.83879313889875,191.496016926658,195.512451171875,44934900,2024-12-16
2024-12-17,196.09904790683566,200.2447141714918,193.84228909023724,194.27972412109375,43504000,2024-12-17
2024-12-18,194.0808868210915,195.8504992556076,186.64453708673446,187.30067443847656,34166100,2024-12-18
2024-12-19,190.5118237091531,191.90364849444197,187.28078779996244,187.41001892089844,32265200,2024-12-19
2024-12-20,184.69598248922645,191.7644966288348,184.1392524862356,190.2931365966797,63462900,2024-12-20
2024-12-23,191.49605762870533,193.96159775328474,189.04046886277803,193.4943389892578,25675000,2024-12-23
2024-12-24,193.70308928801546,194.96568298339844,192.64927690043314,194.96568298339844,10403300,2024-12-24
2024-12-26,194.01127759173056,195.6019475277096,193.24578152744004,194.4586639404297,12046600,2024-12-26
2024-12-27,193.8124315456521,194.1802828500262,189.53751972128225,191.6352081298828,18891400,2024-12-27
2024-12-30,188.6925150012565,191.42646867833813,188.01647493101535,190.12411499023438,14264700,2024-12-30
2024-12-31,189.96503162659658,190.83990159620672,187.41002054250913,188.19541931152344,17466900,2024-12-31
2025-01-02,189.53755907777798,190.87968795158946,186.4059452652241,188.32467651367188,20370800,2025-01-02
2025-01-03,190.2533357330172,192.08261071335764,188.87144710211905,190.67088317871094,18596200,2025-01-03
2025-01-06,192.84811629000748,197.06338121642014,192.7188851595698,195.72125244140625,29563600,2025-01-06
2025-01-07,195.95986188833012,199.8271630946656,193.46451322323452,194.3493194580078,26487200,2025-01-07
2025-01-08,191.44634580773328,195.14462535167834,191.2574520458894,192.8182830810547,24864800,2025-01-08
2025-01-10,193.16625612788005,195.37330356826695,189.19953244831908,190.91943359375,26665200,2025-01-10
2025-01-13,188.96092925794855,190.06443773067767,186.26673571233505,189.8954315185547,21823700,2025-01-13
2025-01-14,190.1241119208904,190.85978428074978,187.21120070733548,188.55332946777344,17174900,2025-01-14
2025-01-15,191.963298457138,195.21422195403466,190.7404798677513,194.40895080566406,21776000,2025-01-15
2025-01-16,193.00718142531574,194.33935880818177,191.6849402307685,191.78436279296875,17815400,2025-01-16
2025-01-17,195.3832141332428,196.0791264849475,192.61943710093595,194.85630798339844,27735100,2025-01-17
2025-01-21,197.9084311961374,201.10962849733662,196.71542107622028,196.89437866210938,29971300,2025-01-21
2025-01-22,197.89847013086398,199.31018252245178,196.3773989893062,197.21249389648438,26200600,2025-01-22
2025-01-23,196.98383809552067,199.13123797930666,194.060990781993,196.82476806640625,26951400,2025-01-23
2025-01-24,196.9440747387753,199.72772435097139,196.8446521798743,199.04176330566406,23877500,2025-01-24
2025-01-27,191.28727038356462,195.73118866143682,189.61706547784135,190.69076538085938,41728900,2025-01-27
2025-01-28,191.6253070801952,194.33937332983098,189.5673782129492,194.16043090820312,24157900,2025-01-28
2025-01-29,194.41886352335365,195.6416819651215,192.30128767049283,194.26974487304688,18218300,2025-01-29
2025-01-30,196.84464293202117,200.2247973993167,196.51656670676422,199.69789123535156,24354700,2025-01-30
2025-01-31,200.82131144659704,204.28100107943342,200.62248149891727,202.82952880859375,32001100,2025-01-31
2025-02-03,199.5189590127464,202.5611012223486,198.93240535424198,200.05580139160156,27838300,2025-02-03
2025-02-04,202.20320734762427,205.84185468330165,201.62658985975028,205.17576599121094,43856400,2025-02-04
2025-02-05,189.9550998506434,191.62528964623422,186.93282997802248,190.2135772705078,70373900,2025-02-05
2025-02-06,188.39424233982533,190.97907706252056,187.61879495696715,190.48199462890625,29297400,2025-02-06
2025-02-07,189.93521824759102,190.0644493766904,182.17079235327273,184.25852966308594,49315000,2025-02-07
2025-02-10,186.25681277496034,187.10184389569162,184.77550151190874,185.38194274902344,23105600,2025-02-10
2025-02-11,183.95033114344977,185.8491897525843,183.20470746476104,184.2386474609375,21239500,2025-02-11
2025-02-12,182.15088106006976,184.02985197882202,180.76899255548213,182.53860473632812,22072600,2025-02-12
2025-02-13,183.24449120134597,185.19304601185559,182.07136866992408,185.05386352539062,21402500,2025-02-13
2025-02-14,183.980148455519,185.31232574087161,183.24447616019845,184.14915466308594,20448400,2025-02-14
2025-02-18,184.51701650776232,184.87491648825042,180.679539282988,182.69769287109375,29916700,2025-02-18
2025-02-19,182.99595464619662,184.37784335780142,182.51874453488796,184.18894958496094,19549400,2025-02-19
2025-02-20,183.72168304847523,184.22870170428735,181.65381816300632,183.4830780029297,20441500,2025-02-20
2025-02-21,184.06963495987821,184.25852872808807,178.03506158410121,178.61167907714844,35199200,2025-02-21
2025-02-24,180.9280885264688,182.0514846282233,177.84617104858543,178.20407104492188,29854200,2025-02-24
2025-02-25,177.0011153116827,177.6970428900285,173.67067193850428,174.3964080810547,41913400,2025-02-25
2025-02-26,174.04844897153603,175.05255001700533,170.57880815600546,171.7220916748047,35431300,2025-02-26
2025-02-27,172.97475539808346,173.5414214994902,166.96005475439284,167.51678466796875,39991000,2025-02-27
2025-02-28,167.6957223580091,169.61446843814767,165.79687899247813,169.28639221191406,48130600,2025-02-28
2025-03-03,170.92676623691273,172.35836613901347,164.96177675799476,166.0354766845703,40770500,2025-03-03
2025-03-04,165.26996901303033,172.2788190225673,164.8325340548135,169.9226531982422,45388000,2025-03-04
2025-03-05,169.525009408903,172.7659816444027,168.07352192530007,172.0104217529297,30954900,2025-03-05
2025-03-06,169.5349424001719,173.78996703932643,169.50511866618623,171.34432983398438,28302000,2025-03-06
2025-03-07,170.26067003299855,173.94902837231132,169.2764565211612,172.8455047607422,27385800,2025-03-07
2025-03-10,167.47083096485238,167.66990508590422,162.9222728186128,165.092041015625,43604000,2025-03-10
2025-03-11,164.13654448642717,165.96791089272386,160.61313925258565,163.27061462402344,39587400,2025-03-11
2025-03-12,165.79871989426576,166.85374592604674,162.76302175465403,166.32623291015625,28372400,2025-03-12
2025-03-13,165.26122737644823,165.35081679795445,161.3496672738118,161.99661254882812,31756200,2025-03-13
2025-03-14,162.5042625866914,165.70916189584676,161.68810112377207,164.71385192871094,31995900,2025-03-14
2025-03-17,164.25600506871956,165.5200529979304,162.90238288608768,163.51947021484375,31184300,2025-03-17
2025-03-18,162.9123202600298,163.47965420375513,155.98497172829607,159.91644287109375,42074800,2025-03-18
2025-03-19,161.0013229568774,165.0920472279654,160.24489290497496,163.121337890625,34275600,2025-03-19
2025-03-20,160.81222633390425,164.11664727374668,160.20508669307458,162.0364532470703,28138500,2025-03-20
2025-03-21,160.45391074936325,163.46969843906228,160.13540430124633,163.2208709716797,36625800,2025-03-21
2025-03-24,166.2864302357092,167.53056759539257,164.36547425500177,166.8935546875,30879100,2025-03-24
2025-03-25,168.18747918173491,169.82974979049783,167.53058612545505,169.76007080078125,24174400,2025-03-25
2025-03-26,168.20738179291607,168.81452147078184,164.06688875000268,164.28585815429688,28901600,2025-03-26
2025-03-27,163.85787020298363,164.6441583248392,161.24020036188836,161.4790802001953,24508300,2025-03-27
2025-03-28,159.73728296251087,161.06104688273138,152.90945679818688,153.60617065429688,48669300,2025-03-28
2025-03-31,152.39191084034044,154.81050678909716,149.9534044396659,153.91473388671875,54603500,2025-03-31
2025-04-01,152.89951197653428,157.35851155491952,152.89951197653428,156.33334350585938,30672900,2025-04-01
2025-04-02,154.42231653657922,157.6670363544579,153.97443014331054,156.30345153808594,25041700,2025-04-02
2025-04-03,150.4012469514842,152.0634123012398,149.68462276405157,150.01307678222656,46883400,2025-04-03
2025-04-04,147.31581486644404,150.36147595978116,144.69816012059908,144.91712951660156,62259500,2025-04-04
2025-04-07,140.8861135726325,152.13311801627722,139.87089326407514,146.0617218017578,76794100,2025-04-07
2025-04-08,150.5107721866655,151.5259925903324,142.35918124819136,144.02134704589844,52200200,2025-04-08
2025-04-09,143.74266444963052,158.8017091980402,143.23506183090237,157.9656524658203,70406200,2025-04-09
2025-04-10,155.80579483834862,156.98026834062628,149.2267962236283,152.10325622558594,48022000,2025-04-10
2025-04-11,152.18286551192307,156.93049760914,152.10325409102202,156.40298461914062,33636200,2025-04-11
2025-04-14,159.24959030436233,160.96152461511218,156.82103162226488,158.32395935058594,30333000,2025-04-14
2025-04-15,158.38367026397722,158.90122048049952,154.48205725338974,155.57688903808594,27551500,2025-04-15
2025-04-16,152.381953334393,155.1588613016161,150.7993990348029,152.61087036132812,28187400,2025-04-16
2025-04-17,153.56635949907425,153.9545297569088,147.8035217962651,150.4510498046875,33046600,2025-04-17
2025-04-21,148.1817487017602,148.25141250019158,145.41478828401154,146.9774169921875,26049100,2025-04-21
2025-04-22,148.19169631147875,151.4762221498679,147.84333175770095,150.7595977783203,26971800,2025-04-22
2025-04-23,154.8801740321897,156.79116721631257,153.08861317606707,154.62139892578125,31128800,2025-04-23
2025-04-24,155.41763415068155,158.84150262211006,155.0593219807129,158.532958984375,45894000,2025-04-24
2025-04-25,164.29580798857202,165.32097594255075,160.2846952290497,161.2003936767578,56034000,2025-04-25
2025-04-28,161.66816061799582,162.38478487609163,157.85613751727615,159.85670471191406,29745800,2025-04-28
2025-04-29,159.56809722983294,159.98612558310694,156.7812263541152,159.40884399414062,26809000,2025-04-29
2025-04-30,157.2390449367046,158.52300314058715,154.67114371616248,158.05520629882812,34981100,2025-04-30
2025-05-01,159.69748324974734,161.19044821971175,158.1647125629629,160.5435028076172,30203200,2025-05-01
2025-05-02,162.64359387625743,164.19627488526416,161.11080813038504,163.26068115234375,25715000,2025-05-02
2025-05-05,162.2355030126838,164.61429290949133,161.95681747402023,163.43983459472656,21341800,2025-05-05
2025-05-06,161.40940569190968,164.02707560554774,160.43400623609975,162.4644317626953,21277200,2025-05-06
2025-05-07,163.3104457768094,164.22612903746054,147.14660797263102,150.67001342773438,127490100,2025-05-07
2025-05-08,154.27303609354425,155.19866702023802,152.1828792070647,153.55641174316406,57498700,2025-05-08
2025-05-09,153.44693820644628,154.32281585111178,151.4861763255997,152.03359985351562,32435300,2025-05-09
2025-05-12,156.75134515840134,158.3537945366218,155.5171555445994,157.716796875,44138800,2025-05-12
2025-05-13,158.04526446648646,159.81693019668407,155.42760955592857,158.78179931640625,42382100,2025-05-13
2025-05-14,159.209775932056,166.21675084206151,158.86141139731794,164.59439086914062,48755900,2025-05-14
2025-05-15,165.06218171025907,165.43045668169412,161.60845531931332,163.19100952148438,33146700,2025-05-15
2025-05-16,166.94332352608356,168.55573587450803,164.8432190515902,165.41055297851562,42846900,2025-05-16
2025-05-19,163.73844823741797,165.85846346989888,163.44981500991713,165.75892639160156,30426100,2025-05-19
2025-05-20,165.6494131078347,167.70971181285083,162.13597050857302,163.21090698242188,46607700,2025-05-20
2025-05-21,162.9222851886465,172.32796100800184,162.79289003758296,167.76943969726562,73416000,2025-05-21
2025-05-22,171.0439874928675,175.94090966560867,169.90933497951553,170.06857299804688,74864400,2025-05-22
2025-05-23,168.26708452621156,169.1628725233235,167.10257379846712,167.6798553466797,35211400,2025-05-23
2025-05-27,169.36194132235366,172.35781874405163,169.20268808863054,172.08908081054688,37995700,2025-05-27
2025-05-28,172.34785613681433,174.4479605139837,171.10371883250124,171.55160522460938,34784000,2025-05-28
2025-05-29,173.1839175950813,173.60194591853366,169.82972818892713,171.053955078125,29317300,2025-05-29
2025-05-30,170.54633906565317,171.40230609492238,166.65467413099773,170.93450927734375,52639900,2025-05-30
2025-06-02,167.05279205086583,169.0732697161459,166.60490568135657,168.23721313476562,38612300,2025-06-02
2025-06-03,166.70445769264217,167.68980475652552,164.50481616986866,165.4005889892578,45084900,2025-06-03
2025-06-04,165.9579872104258,167.43104169003885,165.57976456796413,167.2618408203125,26900800,2025-06-04
2025-06-05,169.54106580736408,170.12829493792012,166.80396388771035,167.4210662841797,36379100,2025-06-05
2025-06-06,170.0287933558417,173.68157889465496,170.0287933558417,172.86541748046875,35731800,2025-06-06
2025-06-09,173.93168685751374,175.85496833236684,173.76228116584014,175.47628784179688,28935900,2025-06-09
2025-06-10,175.58590961128442,180.47880106496282,174.30041217393423,177.97755432128906,61766100,2025-06-10
2025-06-11,179.14346702948194,179.74136677669094,176.133988123354,176.73190307617188,31646800,2025-06-11
2025-06-12,175.56596932852466,176.10409583310096,174.14096047000893,175.087646484375,20941900,2025-06-12
2025-06-13,171.8390248989685,176.51268202547473,171.78919611484426,174.06124877929688,27663100,2025-06-13
2025-06-16,174.12103189678987,176.32333636040028,174.04130888575864,176.1539306640625,27389200,2025-06-16
2025-06-17,175.08766326949169,176.74188163753837,173.97157145760983,175.3367919921875,24973000,2025-06-17
2025-06-18,175.39658525731375,175.94467150338016,172.59638077040555,172.71597290039062,28707500,2025-06-18
2025-06-20,173.34373983894176,173.73237998796506,164.88333923967906,166.05921936035156,75659900,2025-06-20
2025-06-23,165.6905108199857,166.75677368964836,161.43538860354417,164.61427307128906,57671000,2025-06-23
2025-06-24,166.3382681524042,167.6337405858712,165.5510280582942,166.1887969970703,40524300,2025-06-24
2025-06-25,167.04578597314622,171.75929686583365,166.96606296199934,170.08514404296875,35479000,2025-06-25
2025-06-26,171.8290485705118,173.08466701517526,169.34773632150527,172.9351806640625,31796700,2025-06-26
2025-06-27,172.93517666884486,178.057262279745,171.13148726193396,177.9077911376953,108140200,2025-06-27
2025-06-30,180.14995998416325,180.59838864201382,173.97157072832883,175.61581420898438,63378900,2025-06-30
2025-07-01,175.12751523681553,175.47628629108172,172.92521085330227,175.22715759277344,35904500,2025-07-01
2025-07-02,174.92820819435067,178.2366447594077,174.45986020905642,178.0174102783203,29128900,2025-07-02
2025-07-03,177.8778878701253,179.0438083356934,176.43294448317042,178.904296875,21689700,2025-07-03
2025-07-07,178.43595167386934,178.67512071867887,175.06772651945082,176.17385864257812,34175600,2025-07-07
2025-07-08,177.23017699013243,177.32981935448504,172.20773349396308,173.75233459472656,40442500,2025-07-08
2025-07-09,174.63923502855474,178.81463486384698,172.16788235105685,176.00445556640625,43025600,2025-07-09
2025-07-10,175.0179065004666,177.80813589252995,173.77226294843484,177.00096130371094,29252400,2025-07-10
2025-07-11,176.17386710523087,180.7976957543855,175.86494991101927,179.56202697753906,34282900,2025-07-11
2025-07-14,180.37914463511837,183.02987774300456,179.05377808117527,180.92723083496094,32536600,2025-07-14
2025-07-15,182.17286668727073,183.5779561932956,180.9670923041272,181.36569213867188,33448300,2025-07-15
2025-07-16,182.60138443088442,183.68758195520638,181.39559478616047,182.3323211669922,33104200,2025-07-16
2025-07-17,181.50521696666215,183.41852368346133,179.85099864083438,182.94020080566406,31992600,2025-07-17
2025-07-18,184.7538504683164,185.77029989137577,183.06975311389598,184.4150390625,34014500,2025-07-18
2025-07-21,185.6008814217948,189.62679452163042,185.50122385959315,189.43746948242188,45803100,2025-07-21
2025-07-22,190.8325874995953,190.98205863993607,186.80667432845317,190.6731414794922,44660200,2025-07-22
2025-07-23,190.83261008559217,191.85901925237124,188.52068813729787,189.56703186035156,58681900,2025-07-23
2025-07-24,196.3433222418533,197.26011409114668,190.33433883436888,191.50025939941406,74881700,2025-07-24
2025-07-25,191.31091436137532,193.65273031316045,190.59342246149265,192.50672912597656,39785900,2025-07-25
2025-07-28,192.97509170180885,193.37370675914636,190.17488744855515,191.90882873535156,38139500,2025-07-28
2025-07-29,191.7593429801203,195.23718523880464,191.41057191018163,195.06777954101562,41389200,2025-07-29
2025-07-30,194.91831074404357,196.91134044406198,194.0114785811888,195.84506225585938,32445400,2025-07-30
2025-07-31,195.02790454929124,195.30692745731486,190.42399615568507,191.23117065429688,51329200,2025-07-31
2025-08-01,188.371198147092,190.16492789219942,187.16542371122097,188.47085571289062,34832200,2025-08-01
2025-08-04,189.62681422005014,194.58946938551787,189.45740851119675,194.36026000976562,31547400,2025-08-04
2025-08-05,194.03141574053652,197.1704314779613,193.21426625386638,193.99154663085938,31602300,2025-08-05
2025-08-06,193.82211565771695,195.94469690577856,192.99500660427324,195.4065704345703,21562900,2025-08-06
2025-08-07,196.37319428256532,196.85151710519096,193.65271327152095,195.8350830078125,26321800,2025-08-07
2025-08-08,196.53264334375206,201.90385732363322,196.48281456433622,200.71800231933594,39161800,2025-08-08
2025-08-11,200.23969579500547,200.77780712193308,198.37621789685548,200.2994842529297,25832400,2025-08-11
2025-08-12,200.6681968640444,203.78729330959044,199.89091647275984,202.63133239746094,30397900,2025-08-12
2025-08-13,203.41858472937733,203.81718459405647,196.82164596798347,201.2561492919922,28342900,2025-08-13
2025-08-14,200.79772807656252,203.72748396129663,200.52866482851726,202.2327117919922,25230400,2025-08-14
2025-08-15,203.13954799676898,205.7205176785909,200.57849766290207,203.18936157226562,34931400,2025-08-15
2025-08-18,203.4883288365654,204.55460702217843,201.7842969623296,202.790771484375,18526600,2025-08-18
2025-08-19,202.32239574793277,202.73097045946378,199.26310326239187,200.86749267578125,24240200,2025-08-19
2025-08-20,200.03040999419306,200.57849617106174,195.9148142419443,198.62533569335938,28955500,2025-08-20
2025-08-21,199.05384826660156,201.77432964491462,198.73495620472804,199.05384826660156,19774600,2025-08-21
2025-08-22,202.02344423178036,207.81319287530533,200.59843534470966,205.37173461914062,42827000,2025-08-22
2025-08-25,205.71054863967242,209.78630584234324,204.56456266974786,207.7633819580078,29928900,2025-08-25
2025-08-26,206.7867811726176,207.12560776169755,204.98309181316571,206.41807556152344,28464100,2025-08-26
2025-08-27,204.9830866269172,208.18190575216585,204.93325784693593,206.7568817138672,23022900,2025-08-27
2025-08-28,206.52770514920687,211.48038522978865,206.17891886526334,210.90240478515625,32339300,2025-08-28
2025-08-29,209.77630903075314,213.90187937901428,209.4673918992759,212.16795349121094,39728400,2025-08-29
2025-09-02,207.71354168202492,210.9422398144114,205.48134311686184,210.6134033203125,47523000,2025-09-02
2025-09-03,225.42162175778444,230.50383816310156,224.0065573472935,229.85610961914062,103336100,2025-09-03
2025-09-04,228.8496136665047,231.56013509073304,225.32195802772998,231.49038696289062,51684200,2025-09-04
2025-09-05,231.3907399385365,234.9383302920627,231.09178244912047,234.1809844970703,46588900,2025-09-05
2025-09-08,234.85920568133895,237.512309448077,233.0638717332001,233.4329071044922,32474700,2025-09-08
2025-09-09,233.56256406927383,239.84622499047865,232.62499998265747,239.00840759277344,38061000,2025-09-09
2025-09-10,238.280317666347,241.03316831731985,237.23305340830441,238.54962158203125,35141100,2025-09-10
2025-09-11,239.25777124796906,241.62161874698785,235.63718236935347,239.74649047851562,30599300,2025-09-11
2025-09-12,239.7464919977143,241.4520630725996,237.38264448371655,240.17538452148438,26771600,2025-09-12
2025-09-15,244.0253822711298,251.7552796155814,244.0253822711298,250.9573516845703,58383800,2025-09-15
2025-09-16,251.42611085580688,252.3836121103763,248.82288053993366,250.5084991455078,34109700,2025-09-16
2025-09-17,250.56837026681998,250.94738946798665,245.64118152849247,248.88275146484375,34108000,2025-09-17
2025-09-18,251.02713777006548,253.33115844169183,249.1520248167527,251.37623596191406,31239500,2025-09-18
2025-09-19,252.59309222605677,255.33595897283527,251.1568250217611,254.0592803955078,55571400,2025-09-19
2025-09-22,253.7700196733437,255.11652395864965,249.65074294375358,251.8749542236328,32290500,2025-09-22
2025-09-23,252.38362744671002,253.7002107757565,249.8302703204236,251.00721740722656,26628000,2025-09-23
2025-09-24,251.00722705371746,251.69543970951247,245.80076590550527,246.4989471435547,28201000,2025-09-24
2025-09-25,243.76604145127706,245.85063173864694,240.1155467413105,245.15243530273438,31020400,2025-09-25
2025-09-26,246.42912138871642,248.77301648715127,245.33196864020064,245.90048217773438,18503200,2025-09-26
2025-09-29,247.20709239615746,250.4985201433971,242.1402679011131,243.4169464111328,32505800,2025-09-29
2025-09-30,242.18018034462705,242.6589310263489,238.6294169517045,242.4694366455078,34724300,2025-09-30
2025-10-01,240.12551089529904,245.66111761710096,237.9910625183314,244.26473999023438,31658200,2025-10-01
2025-10-02,244.5140808226371,246.16977847594512,241.6714827842888,245.0526885986328,25483300,2025-10-02
2025-10-03,243.85583788051034,245.66114059757743,241.0331766174326,244.71360778808594,30249600,2025-10-03
2025-10-06,244.14505728413704,250.66810152305118,243.94557911341744,249.7803955078125,28894700,2025-10-06
2025-10-07,247.62601181924765,249.7903811872092,244.88314509840285,245.1225128173828,23181300,2025-10-07
2025-10-08,244.3246032710778,245.37186749350337,243.18756093367097,243.9854736328125,21307100,2025-10-08
2025-10-09,243.83586445575082,244.12510552114733,238.52965682972516,240.9034881591797,27892100,2025-10-09
2025-10-10,240.80373872383117,243.45684250665406,235.22824247873842,235.95635986328125,33180300,2025-10-10
2025-10-13,239.5869258671789,243.8657913377574,239.08822281740842,243.51669311523438,24995000,2025-10-13
2025-10-14,240.60425402252167,246.4789749711557,239.88612045840952,244.8133087158203,22111600,2025-10-14
2025-10-15,246.60865147753682,251.45604559967558,245.3519253048375,250.37884521484375,27007700,2025-10-15
2025-10-16,251.1169327071502,256.29345747170413,249.45126638195018,250.8077392578125,27997200,2025-10-16
2025-10-17,250.10955476977685,253.5605866634714,247.1672097408255,252.64297485351562,29671600,2025-10-17
2025-10-20,254.0293759063695,256.6625123260812,253.5705623788801,255.88453674316406,22350200,2025-10-20
2025-10-21,254.07924557223262,254.21888182305858,243.51670298346056,249.8103485107422,47312100,2025-10-21
2025-10-22,253.71019631561148,255.69502480450944,248.64337127106648,251.0371551513672,35029400,2025-10-22
2025-10-23,252.32377625733005,254.37843026888703,251.19671777887123,252.42352294921875,19901400,2025-10-23
2025-10-24,255.91442564996356,261.00120248797276,254.65771475094738,259.24578857421875,28655100,2025-10-24
2025-10-27,264.13309426145156,269.43930209007345,263.59448643744673,268.571533203125,35235200,2025-10-27
2025-10-28,268.9904266199372,270.0277373828665,265.80869904433325,266.77618408203125,29738600,2025-10-28
2025-10-29,267.05547147917497,274.6257797911847,266.97569238760303,273.8577880859375,43580300,2025-10-29
2025-10-30,290.8336389163956,290.8336389163956,279.3335478851562,280.7498779296875,74876000,2025-10-30
2025-10-31,282.47538175038454,285.25815337777135,276.3114191679317,280.46063232421875,39267900,2025-10-31
2025-11-03,281.4480558536455,284.7893724933962,279.0742243823285,282.98406982421875,29786000,2025-11-03
2025-11-04,276.03213953132416,280.5404041676455,275.5434202802167,276.8200988769531,30078400,2025-11-04
2025-11-05,278.1466483880774,285.6770830892533,276.6206181949745,283.5725402832031,31010300,2025-11-05
2025-11-06,284.58986519375543,287.60205105478576,280.41076169575746,284.0113830566406,37173600,2025-11-06
2025-11-07,282.47536340962876,283.04389217242976,274.47617771869056,278.1067199707031,34479600,2025-11-07
2025-11-10,283.6822146349182,290.0456390488037,282.1262333444049,289.34747314453125,29557300,2025-11-10
2025-11-11,287.0035887304013,291.1627853205446,286.5747114373448,290.5543518066406,19842100,2025-11-11
2025-11-12,290.9234183741868,291.2525794490294,282.95415298016115,285.96630859375,24829900,2025-11-12
2025-11-13,281.60765291032834,282.1063559927165,276.5208753822851,277.8474426269531,29494000,2025-11-13
2025-11-14,270.70596321739896,277.83740995344476,269.997813487729,275.6929931640625,31647200,2025-11-14
2025-11-17,285.0387085276487,293.1875295999499,282.83444961203753,284.2806701660156,52670200,2025-11-17
2025-11-18,287.1731753233953,288.05086711584505,277.4783868942568,283.5426025390625,49158700,2025-11-18
2025-11-19,286.4151077996695,303.02191144888764,285.88648384239787,292.0504455566406,68198900,2025-11-19
2025-11-20,303.7500416076266,305.625169818548,287.92121274474346,288.6991882324219,62025200,2025-11-20
2025-11-21,295.6511046778972,303.1316497984607,293.0877639113642,298.8826904296875,74137700,2025-11-21
2025-11-24,310.3229443803346,318.651290855991,308.79691436510495,317.75360107421875,85165100,2025-11-24
2025-11-25,325.3638169665917,327.9770159307299,316.82602366827604,322.60101318359375,88632100,2025-11-25
2025-11-26,319.8481736259059,323.6582721471574,315.9682798124272,319.1200866699219,51373400,2025-11-26
2025-11-28,322.5312152935296,326.0021995827445,315.9682963529555,319.3494873046875,26018600,2025-11-28
2025-12-01,316.87595107857686,319.02036824755595,313.07583602161014,314.0732421875,41183000,2025-12-01
2025-12-02,315.9184251730286,317.5541859262309,313.095779063488,314.9908447265625,35854700,2025-12-02
2025-12-03,315.07061440214585,320.74582687116515,313.2852490348319,318.8009033203125,41838300,2025-12-03
2025-12-04,321.39416988540876,321.52380710663783,313.8837033726762,316.7961120605469,31240900,2025-12-04
2025-12-05,318.66129422294387,322.3217883368267,318.34214737502344,320.4366760253906,28851700,2025-12-05
2025-12-08,319.4285975207571,319.81785493964355,310.6157547321785,313.11090087890625,33909400,2025-12-08
2025-12-09,311.7635388280278,317.3726229056239,311.2944500995635,316.4643859863281,30194000,2025-12-09
2025-12-10,315.2168165746965,320.6861883612462,314.069055340672,319.58831787109375,33428900,2025-12-10
2025-12-11,319.45856710455377,320.49655652430846,308.0008744502611,311.82342529296875,42353700,2025-12-11
2025-12-12,313.0909556884665,314.25866704717134,304.96674508462553,308.68951416015625,35940200,2025-12-12
2025-12-15,310.7155693717638,310.81538131016634,304.288070405232,307.62158203125,29151900,2025-12-15
2025-12-16,304.3579426322819,310.16661977978157,302.00250880457793,305.97479248046875,30585000,2025-12-16
2025-12-17,307.4120099511304,307.4918412298865,295.54507970361715,296.1439208984375,43930400,2025-12-17
2025-12-18,301.1342186567393,303.3698600006946,298.6490626821344,301.8727722167969,33518000,2025-12-18
2025-12-19,301.1442091965169,306.65348128006514,300.3856749721532,306.56365966796875,59943200,2025-12-19
2025-12-22,309.2783702904479,309.52788491338026,304.70724534166345,309.1785583496094,26429900,2025-12-22
2025-12-23,309.02884787804055,314.328535898872,308.7194521900694,313.73968505859375,25478700,2025-12-23
2025-12-24,314.15886656933606,314.4682622711062,311.3144241794057,313.4801940917969,10097400,2025-12-24
2025-12-26,313.8694546536391,314.4782557314601,311.67371372407564,312.9013366699219,10899000,2025-12-26
2025-12-29,310.76548227407176,313.41033130955566,310.0169383701615,312.95123291015625,19621800,2025-12-29
2025-12-30,311.8932765746258,316.3346490163796,311.85334570689247,313.24066162109375,17380900,2025-12-30
2025-12-31,312.24263128978663,313.9692531312569,310.8353650439947,312.392333984375,16377700,2025-12-31
2026-01-02,316.28471875384633,321.87385220157,309.7274673850438,314.5381164550781,32009400,2026-01-02
2026-01-05,317.0432662013207,318.4006111389099,314.01915017003046,315.9254455566406,30195600,2026-01-05
2026-01-06,315.7856731700802,320.31686685595974,311.17464821348415,313.72967529296875,31212100,2026-01-06
2026-01-07,313.74965751082357,325.51677583182123,313.58000462136766,321.3548889160156,35104400,2026-01-07
2026-01-08,328.3313118537803,329.67869694461876,320.8758135066914,324.80816650390625,31896100,2026-01-08
2026-01-09,326.45496079982934,330.1876899539591,325.16745676828174,327.9320983886719,26214200,2026-01-09
2026-01-12,325.1674658209474,333.39148904567276,324.36903115835116,331.2156982421875,33923900,2026-01-12
2026-01-13,334.2996793666924,339.82890107364614,332.97224461379506,335.31768798828125,33517600,2026-01-13
2026-01-14,334.40947336413166,335.8666302231012,329.83837890700147,335.1879577636719,28525600,2026-01-14
2026-01-15,336.9944821877514,337.0344130603199,330.09789356603824,332.1339416503906,28442400,2026-01-15
2026-01-16,333.7607557246461,334.00028002450074,327.0637915356931,329.35931396484375,40341600,2026-01-16
2026-01-20,320.2470363972373,327.0937337673917,319.80788820634325,321.3748474121094,35361000,2026-01-20
2026-01-21,320.2969541162656,331.83450818795274,318.729994927537,327.7424621582031,35386600,2026-01-21
2026-01-22,333.8006666576773,334.49928930997066,328.11172120927307,329.89825439453125,26253600,2026-01-22
2026-01-23,331.8444795396569,333.0421619901957,326.814286347386,327.2933349609375,27280000,2026-01-23
2026-01-26,327.1735452193246,335.1879535299186,326.3651202937951,332.61297607421875,26042100,2026-01-26
2026-01-27,334.71886692218493,337.2539439848537,332.8325522369338,333.90045166015625,21636200,2026-01-27
2026-01-28,335.40752623810386,336.8846637353836,331.2955302242731,335.3576354980469,27434400,2026-01-28
2026-01-29,339.6393000059441,341.62545715973704,325.9060355700189,337.5932922363281,39785600,2026-01-29
2026-01-30,339.33989756206086,339.33989756206086,331.64487488391205,337.3437805175781,31024000,2026-01-30
2026-02-02,335.5672073695487,344.16047585276425,334.97835654941485,343.022705078125,32006100,2026-02-02
2026-02-03,346.66563680855586,348.322417578686,336.81480425638233,339.0504455566406,36506700,2026-02-03
2026-02-04,342.2941565134455,342.6434831024425,327.8821884154679,332.3934326171875,70618400,2026-02-04
2026-02-05,311.6138496060838,332.0441098613053,305.8650224655501,330.6069030761719,88205800,2026-02-05
2026-02-06,326.54477434837446,329.7385737476322,319.2988903139048,322.233154296875,56380500,2026-02-06
2026-02-09,320.30690521957837,327.0637807183464,316.6440476026885,323.6903381347656,39640100,2026-02-09
2026-02-10,320.3468306795893,321.0454837970353,313.9991629255859,317.9614562988281,39170000,2026-02-10
2026-02-11,318.3507205277581,320.43665913490463,309.0587983421378,310.35626220703125,45406400,2026-02-11
2026-02-12,311.4840826487114,315.62601945223736,306.60359228041904,308.40008544921875,47761300,2026-02-12
2026-02-13,307.1325723003695,308.03081891465297,303.1203573871305,305.12646484375,38499700,2026-02-13
2026-02-17,299.4574878846074,303.8489392958333,295.67483755264817,301.4336242675781,39247600,2026-02-17
2026-02-18,301.5035060024616,304.7871271852118,300.66514046909924,302.7410888671875,28482100,2026-02-18
2026-02-19,301.23402488534225,304.87693233204385,299.4574819671566,302.26202392578125,25834400,2026-02-19
2026-02-20,303.72916224594877,315.885507154404,303.30996428502766,314.36846923828125,53210800,2026-02-20
2026-02-23,318.43054299285177,318.8996316925602,309.2683735389658,310.8852233886719,31423000,2026-02-23
2026-02-24,309.91711960911005,311.6637220131571,305.33603467292323,310.29638671875,25615600,2026-02-24
2026-02-25,311.4541454679639,313.031095017384,308.8392369672335,312.2925109863281,29963600,2026-02-25
2026-02-26,312.0330001798944,312.53202939170336,301.762970472535,306.783203125,36431200,2026-02-26
2026-02-27,303.549553083736,311.7635557563691,303.21018636103327,311.1547546386719,44640600,2026-02-27
2026-03-02,302.6412753457796,307.8910420913047,300.71499938521333,305.92486572265625,34790200,2026-03-02
2026-03-03,298.01029817831704,303.34991750153205,296.13394323483243,302.9906005859375,35497000,2026-03-03
2026-03-04,302.30194909897057,304.87692658824284,300.1660893213747,302.5414733886719,29536200,2026-03-04
2026-03-05,302.4516780897468,302.7111526067185,297.41146402777275,300.2958679199219,35752300,2026-03-05
2026-03-06,295.515124433063,299.94650641213514,294.6068875835616,297.9403991699219,25576900,2026-03-06
2026-03-09,293.99527562141907,306.4198649966507,293.71562375842984,305.98040771484375,29312100,2026-03-09
2026-03-10,305.79068968096857,309.1265479913924,305.1914269440574,306.65960693359375,23239700,2026-03-10
2026-03-11,306.3699695674413,311.0341973481569,305.54101125974313,308.31756591796875,24125700,2026-03-11
2026-03-12,306.43985713507476,308.5572255769297,300.65702241451555,303.17388916015625,24928300,2026-03-12
2026-03-13,306.6296377698095,307.3087879643589,300.0677703977713,301.9054870605469,23693100,2026-03-13
2026-03-16,303.97293465389924,306.11026747244654,302.64456537566065,305.1814270019531,23519700,2026-03-16
2026-03-17,305.48103123176395,311.03417054952814,305.1214918945171,310.5347900390625,21955200,2026-03-17
2026-03-18,308.88680583632095,312.08285325242963,306.5497087361953,307.30877685546875,20009800,2026-03-18
2026-03-19,303.63335165234247,307.67832164750223,301.9754046785898,306.7494812011719,25075800,2026-03-19
2026-03-20,305.0815409313132,305.62088043111504,297.9004465638477,300.6270751953125,44364100,2026-03-20
2026-03-23,301.7357168812967,305.60094814101865,300.5571860375472,301.685791015625,29326900,2026-03-23
2026-03-24,298.82932646685043,299.5484356615691,289.97029010977093,290.0801696777344,36864300,2026-03-24
2026-03-25,293.07644958925243,295.6332754793409,288.8816409209488,290.5695495605469,29460700,2026-03-25
2026-03-26,287.55329025783345,287.5932492331535,278.15494535852446,280.57196044921875,39080600,2026-03-26
2026-03-27,276.9364822022131,279.02388928595167,273.6106210828978,274.0001220703125,35890600,2026-03-27
2026-03-30,276.07755917965534,276.74671205405957,271.772870758184,273.1611633300781,35141200,2026-03-30
2026-03-31,277.6955407888773,287.72308014338427,276.74670556560056,287.2037353515625,43875400,2026-03-31
2026-04-01,290.47967248402244,300.14767254424095,290.05021252939383,297.0215759277344,37684500,2026-04-01
2026-04-02,290.3298713924274,297.71070019384774,289.0914173614996,295.403564453125,21666500,2026-04-02
2026-04-06,295.50342601468935,300.2475409865838,294.8142784540748,299.6183166503906,16945500,2026-04-06
2026-04-07,302.3549447988444,305.2513457589993,297.3511421656273,305.08154296875,23205400,2026-04-07
2026-04-08,320.0530070056894,321.68096199730417,314.6297110626625,316.9268798828125,33547100,2026-04-08
2026-04-09,315.51860784412145,319.1441153425082,310.6746106421415,318.09539794921875,23739200,2026-04-09
2026-04-10,319.62350892085055,321.4312640320202,315.9281112234418,316.8469543457031,19152600,2026-04-10
2026-04-13,316.74710955552524,321.2315371363443,315.0791651091577,320.91192626953125,18866400,2026-04-13
2026-04-14,324.38762340838895,332.8770926852431,323.3489033390031,332.49755859375,27721400,2026-04-14
2026-04-15,332.4775916674409,337.0619013824557,330.49003638532656,336.70233154296875,24918800,2026-04-15
2026-04-16,338.33029678032364,339.458901613874,334.105526677332,335.6036682128906,20541500,2026-04-16
2026-04-17,337.2316773591919,341.89590508018404,335.8234205588037,341.2566833496094,25581900,2026-04-17
2026-04-20,340.3378420577138,340.97703331198585,336.1929591105031,337.0019836425781,18784200,2026-04-20
2026-04-21,337.2716301294484,338.9195798085849,330.9394885663705,331.8783264160156,23123800,2026-04-21
2026-04-22,336.60245884112476,339.3990082413208,334.7547751685775,338.8996276855469,20293000,2026-04-22
2026-04-23,340.7572947145818,341.53632713037314,335.7634893621326,338.47015380859375,18650300,2026-04-23
2026-04-24,338.3103390739037,344.8422143498026,334.97448084779876,343.9732971191406,26426100,2026-04-24
2026-04-27,345.55136124882,352.74242256668157,342.3053878156813,349.90594482421875,28576900,2026-04-27
2026-04-28,348.11816206941427,351.9833930501032,345.69117996136276,349.3466491699219,27824100,2026-04-28
2026-04-29,347.1394107424554,355.3492283904879,343.78355752060145,349.5064697265625,35376300,2026-04-29
2026-04-30,373.6065555628184,385.3619622201579,365.3667768501622,384.3232421875,72040000,2026-04-30
2026-05-01,381.1572209075714,386.2808704617397,378.5804000830116,385.2121887207031,30105200,2026-05-01
2026-05-04,385.15223320621686,386.90006506467324,379.31947226185457,382.7751770019531,26298600,2026-05-04
2026-05-05,385.7515048868787,392.33333678038815,383.5442209432822,387.9487609863281,23878600,2026-05-05
2026-05-06,393.7615619135972,399.3546301445318,392.2734176347804,397.546875,31308500,2026-05-06
2026-05-07,399.42454979908837,399.6043194807176,392.1934987581594,397.4969177246094,24433500,2026-05-07
2026-05-08,396.5081562950806,401.5019617899809,395.86893456144384,400.3034362792969,21461800,2026-05-08
2026-05-11,393.16228042470647,396.94759333072534,387.9887055115338,388.15850830078125,30753700,2026-05-11
2026-05-12,386.8601198229993,388.0386506028281,382.2957742925754,386.8701171875,26017500,2026-05-12
2026-05-13,385.1222825184223,403.1998643489371,384.5230197682841,402.1211853027344,28144600,2026-05-13
2026-05-14,396.7878070287349,402.43080112559403,395.349588612008,400.5731201171875,21136700,2026-05-14
2026-05-15,395.82900006662373,399.0450119758119,392.69287563304505,396.2884216308594,20309700,2026-05-15
2026-05-18,395.1997907850553,408.10376741205215,394.04122422601415,396.4482421875,26837200,2026-05-18
2026-05-19,396.4681837278221,396.65795076850566,385.63162007935824,387.1797180175781,39545700,2026-05-19
2026-05-20,387.2196997137571,393.37204141137994,382.42562803382646,388.4281921386719,31744400,2026-05-20
2026-05-21,385.22215486500835,392.01371791338363,382.5454520468608,387.1797180175781,24852800,2026-05-21
2026-05-22,386.87012298265273,388.258385079403,381.29701890681014,382.49554443359375,20442100,2026-05-22
2026-05-26,384.0336125447445,388.7777274266938,382.12597532411496,388.398193359375,27747400,2026-05-26
2026-05-27,386.1909390913781,393.39199754996946,385.421873594791,388.3482360839844,23087300,2026-05-27
2026-05-28,387.5193014898567,391.38450201712897,384.68282366229704,389.64666748046875,24357500,2026-05-28
2026-05-29,384.7626974671623,384.7626974671623,377.9910987617443,379.8687744140625,44415800,2026-05-29
2026-06-01,376.05352511273605,378.09100632744554,373.05724175924524,375.9037170410156,28672100,2026-06-01
2026-06-02,366.13582064636165,373.07722234401785,357.99592394061045,361.4017028808594,50412300,2026-06-02
2026-06-03,361.5814692403301,365.9960065843375,357.6363508187865,358.54522705078125,55441600,2026-06-03
2026-06-04,358.4553682250688,372.7875967270043,357.76622059782807,371.7289123535156,44055500,2026-06-04
2026-06-05,365.88613605551615,371.6190149899659,363.6688852043904,368.07342529296875,37471200,2026-06-05
2026-06-08,364.9454235864071,365.9647879200631,360.2984165590168,363.0766296386719,27942500,2026-06-08
2026-06-09,366.85420025674074,371.84098522768176,357.0704802123837,364.0260314941406,29535100,2026-06-09
2026-06-10,362.95671584537644,368.3232616719084,354.97185779418805,356.1510925292969,32357100,2026-06-10
2026-06-11,355.70134679025995,358.5694982511428,346.13748714351743,357.5401611328125,35538200,2026-06-11
2026-06-12,362.3870579560934,366.33453278338226,354.7119986974298,359.4489440917969,24704600,2026-06-12
2026-06-15,367.69366113705985,372.7504085202595,366.3145426692825,369.1127624511719,27727500,2026-06-15
2026-06-16,369.3626044753487,375.7584875251172,366.8242274297617,373.01025390625,24876100,2026-06-16
2026-06-17,368.8929017493238,372.0908279957741,361.78745285393074,363.55633544921875,24543600,2026-06-17
2026-06-18,365.51504497617543,369.2426598317581,358.4396065335441,367.7935791015625,44470100,2026-06-18
2026-06-22,357.72009076397745,358.68946892539066,341.50050477393233,349.45538330078125,52814800,2026-06-22
2026-06-23,340.47114598010614,349.0656275102868,339.98147051143604,345.90765380859375,34007700,2026-06-23
2026-06-24,348.8157979233392,353.25294826847323,341.7103492701006,345.0682067871094,44997300,2026-06-24
2026-06-25,336.51370015420923,345.34801779729577,335.6242572392167,343.48919677734375,44491400,2026-06-25
2026-06-26,342.32993723999033,346.1374872957393,329.98789515004995,337.17327880859375,114706300,2026-06-26
2026-06-29,341.6104064955248,354.122383587675,340.4511784786947,353.4228210449219,34213900,2026-06-29
2026-06-30,353.64269008629407,358.3896389689017,350.1749177879227,357.14044189453125,35237200,2026-06-30
2026-07-01,358.1397942573561,362.7368455226467,356.20103798676814,360.97796630859375,26736400,2026-07-01
2026-07-02,359.2490860357571,363.97602803095486,353.19298133516355,359.6788024902344,25974800,2026-07-02
2026-07-06,361.31772936423556,367.693635754559,357.15042523629825,366.2245788574219,26915800,2026-07-06
2026-07-07,368.8329180211536,372.9202869594668,365.26520405735874,366.7942199707031,24045600,2026-07-07
2026-07-08,364.525702555654,367.6037106679975,357.79001132287857,361.6875305175781,22094800,2026-07-08
2026-07-09,354.08240970637695,359.41897594546776,350.8544734886641,358.65948486328125,24729100,2026-07-09
2026-07-10,357.30034280387986,357.5901650645865,352.52341441108456,356.9505615234375,18146100,2026-07-10
2026-07-13,355.96119810970276,357.8999543595846,351.52404777471276,352.2835693359375,15901700,2026-07-13
2026-07-14,350.97442351070157,359.92865963343,350.86447830880365,359.2790832519531,18259400,2026-07-14
2026-07-15,357.74006858863044,373.40998963278184,357.5302120160503,370.6817626953125,28284600,2026-07-15
2026-07-16,372.8203579699616,375.02892981037553,352.07368364698067,354.2322998046875,41158500,2026-07-16
2026-07-17,345.77774679993126,348.2961170979314,341.1407126662452,346.5472412109375,29959300,2026-07-17
2026-07-20,350.6546131580819,359.4489481797366,350.2948285491913,351.7638854980469,24736600,2026-07-20
2026-07-21,351.09433677099497,351.09433677099497,346.77710440528256,346.927001953125,23369800,2026-07-21
2026-07-22,347.93634723653764,349.7152025525983,341.51048515922605,341.8702392578125,39334100,2026-07-22
2026-07-23,320.92372412122546,324.2815511558238,314.69771503877246,317.4859313964844,69419700,2026-07-23
2026-07-24,318.2154780071113,323.97175736278774,317.11617848672984,319.53460693359375,31806600,2026-07-24
2026-07-27,324.83120713377,330.2077559724587,324.2415898017393,326.3502197265625,28471600,2026-07-27
2026-07-28,327.68937042492354,335.66425552638333,324.2316014627561,333.4956359863281,29511900,2026-07-28
2026-07-29,334.455045685483,342.2800028423013,331.40698648547414,336.49371337890625,27501600,2026-07-29
2026-07-30,333.98534038388266,336.29385412629074,330.12780397797883,333.4456787109375,30168000,2026-07-30
2026-07-31,340.611054758666,358.3496530632621,339.78160132747564,355.9012451171875,46498000,2026-07-31
2026-08-03,365.2152604560987,376.4480305309448,363.1166033198653,373.27008056640625,38669700,2026-08-03
2026-08-04,367.9834743668337,380.2755612380555,367.263935640354,377.40740966796875,35705700,2026-08-04
2026-08-05,383.0937455186354,384.2330278418686,356.54080629618977,362.1971740722656,46926300,2026-08-05
2026-08-06,360.5382517887205,363.8961093831237,356.65076635274994,357.52020263671875,25235900,2026-08-06
2026-08-07,356.49084652154687,358.6694387836589,353.5527327193329,354.0723876953125,19859900,2026-08-07
2026-08-10,354.951850943437,357.38028276908574,352.4834362714388,357.29034423828125,18991400,2026-08-10
2026-08-11,355.6613923515014,356.5807842683805,343.1694223006263,343.5791320800781,29081800,2026-08-11
2026-08-12,346.0875456512855,346.25744987105145,340.66104092628797,343.3193359375,25012000,2026-08-12
2026-08-13,345.5478948342235,347.7065110877775,343.5392066313974,346.13751220703125,17866100,2026-08-13
2026-08-14,346.5772111705174,350.22489088982945,344.27870083870846,345.67779541015625,17808600,2026-08-14
2026-08-17,346.04755304110785,347.0269344906474,341.7103446182459,343.7790222167969,18291300,2026-08-17
2026-08-18,342.19005363605754,344.6484648943574,339.97147845233087,343.9789123535156,19248800,2026-08-18
2026-08-19,342.2400076559886,346.5072842825429,340.44117610948047,344.4985656738281,19733800,2026-08-19
2026-08-20,342.83962071417653,343.6790774504127,338.3525147854226,340.451171875,18570400,2026-08-20
2026-08-21,342.359928876986,345.97762917305914,340.1813365286692,344.5985107421875,20849800,2026-08-21
2026-08-24,343.39927531721605,351.3741604480826,342.2699962782288,347.83642578125,26338200,2026-08-24
2026-08-25,349.41542326154587,349.9350782600912,345.37800981753963,346.73712158203125,20649700,2026-08-25
2026-08-26,346.3973312516375,346.65717399060424,339.96146577825954,341.7803039550781,20420300,2026-08-26
2026-08-27,339.45183186724313,341.4705233735174,338.3025461528343,340.4311828613281,23391400,2026-08-27
2026-08-28,340.49114263603377,348.91575095848634,340.0514228221321,346.36737060546875,25347200,2026-08-28
2026-08-31,343.60912172254496,344.3686432833908,336.94342338566804,339.13201904296875,33493600,2026-08-31
2026-09-01,335.7841605001305,336.9834018439635,332.8360433203593,334.8047790527344,23342700,2026-09-01
2026-09-02,333.84541044728496,339.78159726283246,332.6062167342666,336.9034423828125,22582300,2026-09-02
2026-09-03,340.34122971001256,344.4585782378343,339.841550898423,342.260009765625,20726900,2026-09-03
2026-09-04,342.4700012207031,343.5299987792969,337.0899963378906,338.4599914550781,23189300,2026-09-04
2026-09-08,335.4200134277344,339.67999267578125,333.2200012207031,338.3599853515625,22915800,2026-09-08
2026-09-09,331.6499938964844,331.8500061035156,327.8999938964844,330.6499938964844,33151600,2026-09-09
2026-09-10,328.2300109863281,333.2300109863281,327.739990234375,332.6000061035156,23557600,2026-09-10
2026-09-11,335.0299987792969,342.9800109863281,335.0299987792969,338.5,24708300,2026-09-11
2026-09-14,343.1199951171875,349.9100036621094,342.1400146484375,349.3900146484375,35905400,2026-09-14
2026-09-15,346.79998779296875,348.07000732421875,342.70001220703125,344.9800109863281,21928600,2026-09-15
2026-09-16,347.0799865722656,348.3999938964844,340.6400146484375,342.8699951171875,18928900,2026-09-16
2026-09-17,348.67999267578125,349.5,343.8900146484375,347.3299865722656,19238400,2026-09-17
2026-09-18,357.30999755859375,359.44000244140625,348.45001220703125,349.5400085449219,47631800,2026-09-18
2026-09-21,350.6400146484375,357.6099853515625,349.1000061035156,354.9700012207031,30455400,2026-09-21
2026-09-22,357.6499938964844,364.1700134277344,350.2200012207031,351.1600036621094,29788600,2026-09-22
2026-09-23,349.8599853515625,350.0,337.45001220703125,337.8299865722656,35463700,2026-09-23
